UUID,Title,"First Name","Last Name","Street Address",Barangay,Municipality,Province,Country,"Phone Number","Mobile Number","Company Name","Company Website","Job Title","Favorite Color",Birthdate,"Email Address",Password
40cf852e-0ab3-37f3-9295-87597f07d068,Prof.,Elmira,O'Hara,"17A/28 Hodkiewicz Manors Suite 651",Poblacion,Paoay,"Ilocos Sur",Philippines,721-439-776,"+63 (940) 548-1159","Emard and Sons",gerlach.biz,"Business Manager",maroon,1980-08-14,vivianne.bartoletti@zieme.org,{H&_%qiQ$uJVQHIkv;
debe0b51-4b04-3338-9f17-09be00d647ae,Prof.,Yoshiko,Kulas,"30A/99 Friesen Roads Suite 363",Poblacion,Columbio,"Lanao del Sur",Philippines,716-562-250,"+63 (980) 067-7492","Bednar, Swaniawski and Mueller",waelchi.com,"Radar Technician",maroon,2022-04-06,kristin62@hilpert.biz,<HOsc}8W}^I
59fa1fb1-e4f1-31b9-babb-18b5d5a6685e,Dr.,Ethan,Sporer,"33/37 Osinski Groves",Poblacion,Bugallon,Cebu,Philippines,791-496-952,"(0938) 810-0047","Ebert Ltd",rempel.org,"Poultry Cutter",gray,2022-05-29,waelchi.gilbert@hotmail.com,*'wP4Lur04>>7d
e8241ad1-b41c-3ce3-956d-ffa0d82a02bf,Ms.,Vaughn,Quigley,"36 Wisoky Turnpike Apt. 292",Poblacion,Labrador,Camiguin,Philippines,028-917-446,"(0977) 022-1389","Sauer, Turner and Harvey",price.com,"Food Preparation Worker",yellow,2018-05-02,donnell26@turcotte.org,%DoTaeU
273ae453-73bb-35e0-8153-e6ea0fda6326,Prof.,Joelle,Schaden,"55/57 Stroman Bridge",Poblacion,"Himamaylan City",Maguindanao,Philippines,707-582-994,"(0938) 806-0422",Hane-Lueilwitz,torphy.info,"Transportation Equipment Painters",gray,1990-10-27,gusikowski.jennyfer@yahoo.com,A'39Mx
f4707a8a-802b-32b4-aa67-1799ca78d935,Mr.,Elaina,Shields,"32A Gleason Rue Suite 329",Poblacion,Aborlan,"Surigao del Norte",Philippines,472-145-413,"+63 (944) 175-1106",Hyatt-Kutch,stehr.com,"Gaming Dealer",green,2023-04-20,blanda.isabell@gmail.com,"\6JG1?"
bc70b3ae-f69d-3c37-9e58-3e9c9beddbdb,Miss,Dorris,Mohr,"56/15 Reynolds Square Suite 098",Poblacion,Rosario,Marinduque,Philippines,500-514-476,"(0813) 436-2271","Lakin, Kunde and Schowalter",doyle.net,"Mine Cutting Machine Operator",green,2001-10-20,ada88@gmail.com,C(u!WW[8g}R8v3
6bfc818f-b488-321f-ad66-9663d5e6c138,Prof.,Matilde,Marks,"75/29 Bauch Corners Suite 167",Poblacion,"Samal City",Rizal,Philippines,684-950-208,"+63 (907) 170-5225",Weber-Bergnaum,gibson.com,"Special Education Teacher",teal,1982-12-21,olson.hayley@pfannerstill.com,YX}ZUVB
6c72dfaf-d8ad-344c-976a-7d0e22526bed,Dr.,Abdiel,Klocko,"67/18 Koch Trail Apt. 369",Poblacion,"Santa Magdalena",Abra,Philippines,155-463-035,"+63 (940) 542-6640",Tillman-Kulas,turcotte.biz,"Human Resources Assistant",teal,2018-08-12,claud.armstrong@hilpert.com,v#hriVO:e/#
196dbee2-89c0-3823-a8d4-aec1e2694911,Mr.,Nelle,Ledner,"72 Heathcote Lock Suite 322",Poblacion,"Vigan City","Lanao del Norte",Philippines,822-520-699,"(0817) 817-8348","Mitchell, Rice and Howe",prohaska.biz,"Janitorial Supervisor",aqua,1978-11-23,ydickens@gmail.com,+@v)i'
1a36ceb9-f893-38ea-918c-7ec0f8253efd,Ms.,Melyssa,Keebler,"50A/32 Jakubowski Spur",Poblacion,Llanera,"Oriental Mindoro",Philippines,285-546-447,"(0912) 368-7825","Blanda, Muller and Feil",osinski.com,"Mixing and Blending Machine Operator",white,2012-04-08,walker.leannon@gmail.com,QFom1GS3gj5x|e>[L<B
2eeac3b7-55aa-34e9-a2df-185df887b8bb,Miss,Drew,Swaniawski,"33/81 Kuhn Locks Apt. 253",Poblacion,Liliw,Sulu,Philippines,776-947-900,"+63 (908) 656-6855",Feest-Heaney,white.com,"Loan Counselor",navy,2024-02-26,ybatz@pouros.com,9OoBl&)QPYa5.E38h
ba7df742-ce12-3a49-9799-6bfca127125d,Miss,Patrick,Zieme,"91A Schiller Manor",Poblacion,"Santa Ignacia","Ilocos Norte",Philippines,291-935-550,"+63 (936) 621-2767",Reilly-Walsh,gerhold.net,"Aircraft Body Repairer",lime,2022-05-27,margaretta.schulist@cremin.com,"pz%Ta\'R~&hK<DJfw"
2e5fa4e3-6827-315b-b141-ec9334d89551,Mrs.,Precious,Bashirian,"70 Aufderhar Cove Apt. 196",Poblacion,Toboso,"Zamboanga del Sur",Philippines,527-109-453,"+63 (911) 532-8426","Weber Ltd",kozey.net,"Welding Machine Operator",green,2002-04-20,mariano60@rogahn.biz,"'i5_\E2)uq|Z]"
1b87c971-30ff-35a5-b369-ba5fa2cf4a4c,Prof.,Ansel,Crist,"77A Volkman Track Apt. 442",Poblacion,Carmen,Sorsogon,Philippines,414-881-789,"+63 (938) 412-0875","Johns, Kertzmann and Bradtke",batz.com,"Custom Tailor",green,2000-05-30,dana.cremin@nolan.com,"U@C&X""g6"
3ab00c2a-8e16-320c-87d1-5380bbb3f7b6,Prof.,Jenifer,Feeney,"84A Hamill Circles Suite 271",Poblacion,Pasacao,"Zamboanga del Norte",Philippines,608-385-952,"+63 (973) 729-2563","Rau LLC",welch.com,"Motorboat Operator",maroon,1980-05-01,jackie50@schultz.net,"G|O,r%[A|~/U"
36e05a8f-6f99-3ae0-aa51-3956b43a5b50,Mr.,Oren,Greenfelder,"17/34 VonRueden Fall",Poblacion,Talipao,Rizal,Philippines,099-733-995,"(0931) 911-7127",Durgan-Bernier,hoppe.com,"Pharmacy Aide",gray,1976-07-22,yesenia91@farrell.org,>ThT4[.UTR4
9ddad9c8-4358-3110-a52f-c4bfa9cf9638,Prof.,Evelyn,Nienow,"07A/74 Spinka Trail",Poblacion,"Bago City","Dinagat Islands",Philippines,332-662-038,"+63 (926) 965-7986","Mosciski Group",sauer.com,"Preschool Teacher",gray,1973-11-07,oswaldo40@abbott.com,YqKB24L[8-K*F;L
b8053c96-d101-3795-9407-3ff1d3d33883,Prof.,Jacquelyn,Rice,"71/32 Schowalter Cape Apt. 875",Poblacion,Goa,Pampanga,Philippines,221-391-169,"(0925) 676-4048","Watsica and Sons",keeling.com,Stonemason,white,2023-03-06,quentin.cummings@gmail.com,"v%0:rLU]AS9Tx""G"
e90df8db-cd4b-39d7-9f9a-85f283abbd02,Miss,Christine,Fisher,"36 Rosenbaum Tunnel Apt. 568",Poblacion,Mallig,Apayao,Philippines,258-286-655,"+63 (817) 723-4201","Batz, Hill and Schowalter",shanahan.com,"Mechanical Drafter",gray,1978-12-05,kschuster@hotmail.com,"I?,-DWT.Ia"
4e49eb52-b4ff-3746-9dd3-7365ddab1cb6,Mr.,Missouri,Orn,"37 Reynolds Mission",Poblacion,Pakil,Biliran,Philippines,948-991-971,"(0813) 347-0291","Mills Inc",cole.com,"Compacting Machine Operator",maroon,1994-08-13,wilkinson.margarett@fadel.com,"iX}D:%tbajX""VM&_il"
b8930426-4f03-3006-8b70-0e2db3a690b6,Dr.,Nelda,Raynor,"70/44 Abernathy Squares",Poblacion,Zaragoza,"Compostela Valley",Philippines,270-614-630,"+63 (925) 960-9135","McCullough Group",jacobi.info,"Copy Writer",blue,1999-09-12,trantow.frankie@hansen.com,"p8_i)V)\(0Y$5}LyfN$"
a0399834-8f96-310f-8c2b-1f88fee476de,Ms.,Laurel,Stokes,"13 Dooley View",Poblacion,Hindang,Masbate,Philippines,112-581-790,"+63 (996) 366-7635",Bogisich-Schuster,hoppe.org,"Forest and Conservation Technician",lime,1978-02-06,keagan.hammes@gmail.com,'PVN(-nzmC
3014b918-8ea6-3f5e-9af0-be37bbe3c3c9,Dr.,Jazmyne,Gorczany,"21/50 Raynor Parkways",Poblacion,Jalajala,"Northern Samar",Philippines,761-643-037,"(0912) 150-7592","Connelly Group",reilly.info,"Timing Device Assemblers",fuchsia,2020-11-28,coy.tromp@eichmann.com,ncuBj_^*h
5a07a9c3-4f08-36ce-b939-1bc02e1aa4a8,Ms.,Bert,Miller,"60 Lemke Stream",Poblacion,"San Esteban",Rizal,Philippines,929-906-822,"+63 (909) 523-8535","Pouros Inc",wilkinson.com,"Casting Machine Set-Up Operator",fuchsia,1972-05-06,kabbott@hotmail.com,9<dtqMmvD5Hz?agp<b
219984af-9a17-3a04-995b-2d0b151ef5bc,Mr.,Maxie,Satterfield,"31A Hermiston Spur",Poblacion,Jalajala,"Agusan del Norte",Philippines,233-027-903,"+63 (910) 592-3470","Rolfson LLC",ruecker.com,"Streetcar Operator",aqua,1992-03-29,kaleb.durgan@leuschke.info,"q1b*%xtMnvK[n,"
b964f64d-75ef-3234-a3c2-ab56b839aa94,Ms.,Frieda,Prosacco,"20A/63 Jones Stravenue",Poblacion,Babatngon,Pangasinan,Philippines,579-926-597,"+63 (817) 191-4002","Weimann LLC",schmidt.com,"Substation Maintenance",blue,2023-06-11,vena98@schultz.com,A}5}P(}G6E{4g[q:mBMK
8cd7a42c-69f6-365b-9173-882f6dd89fcf,Prof.,Emmett,Cassin,"37A Bins Curve",Poblacion,"San Miguel",Quezon,Philippines,288-969-641,"+63 (977) 597-9143","Johnston, Ankunding and Langosh",kuhn.info,"Compensation and Benefits Manager",lime,2007-11-06,bradly36@grant.com,5GY=OAUZ=u
1ad48a5b-f054-32e4-a7b9-90913cf25f9b,Prof.,Jo,Simonis,"75 Fritsch Green Apt. 946",Poblacion,Tubao,Benguet,Philippines,506-012-728,"+63 (915) 025-8521","Hagenes, Schneider and Franecki",spencer.biz,"HR Manager",teal,2004-09-04,zprosacco@hotmail.com,"![""HvE"
ea32eef3-b38a-331a-9ff5-0dc7ed03a6b8,Dr.,Hassan,Hudson,"24A/52 Rogahn Stravenue",Poblacion,"San Fernando City",Isabela,Philippines,119-539-856,"(0905) 628-4010","Altenwerth and Sons",mayer.com,Dispatcher,black,1991-08-03,maeve10@gmail.com,"'!..vrhhX)!9tyO\>"
62b2d498-80ff-3405-9ab0-3e76a985440c,Prof.,Clarissa,Klein,"61 Kuhn Street",Poblacion,Motiong,Sulu,Philippines,886-871-179,"(0948) 845-5387",Jenkins-Flatley,williamson.net,"Recreational Vehicle Service Technician",silver,2016-06-28,prohaska.jarod@mueller.com,"Q\7+`Lha[?TI_,^PMNi3"
e32c39c4-4808-3786-8e33-16dd3b7d0b79,Prof.,Kaleigh,Kessler,"21A Paucek Land Apt. 460",Poblacion,Hernani,"Northern Samar",Philippines,384-398-775,"(0939) 350-9149","Bruen and Sons",mayert.com,"Budget Analyst",maroon,2015-02-04,fleta90@yahoo.com,}O.^Qs>OB{_XGvu7JM`F
f05b67a0-c450-34d9-8851-cdae54856978,Mr.,Kiley,Hackett,"91/78 Heathcote Rapid Apt. 748",Poblacion,"Cotabato City","Lanao del Norte",Philippines,043-906-343,"(0923) 556-3194",Moen-Altenwerth,fadel.info,"Percussion Instrument Repairer",aqua,2015-01-09,ismitham@gmail.com,~A5=n4Aq3Z^}^g2Q
2f1c049a-64ee-33d7-a107-a6b97103945b,Miss,Aron,Kunze,"90/83 Graham Courts",Poblacion,"Santo Tomas","Metro Manila",Philippines,191-265-810,"(0944) 966-8664",Barton-Bradtke,fay.biz,"Personal Home Care Aide",maroon,2015-11-11,kohler.stanford@yahoo.com,3/e?Kl5T
72c31f08-bd00-36ab-81f6-48bb6250907c,Ms.,Marta,Turcotte,"85/49 Schuppe Manor Suite 060",Poblacion,Madalag,Sorsogon,Philippines,805-934-264,"(0932) 760-3612","Harris, Wolf and Hagenes",gleichner.com,Plumber,blue,1975-11-17,nedra91@brown.com,*T`wJ6#go
3ef7cb0b-1a24-3581-a5f9-e146d2cdb21b,Mr.,Nicolas,D'Amore,"16A/88 Borer Manors Suite 219",Poblacion,Lubuagan,Abra,Philippines,886-810-452,"+63 (912) 637-9052",Marks-Maggio,mueller.com,"Graphic Designer",fuchsia,2023-07-16,jessica43@corwin.biz,tw>QrOFr
84d41bef-0a85-30bf-a107-afaf07ab9f24,Mr.,Maximo,Murazik,"00A/38 Powlowski Points",Poblacion,Lala,Tawi-Tawi,Philippines,237-586-985,"+63 (999) 139-5053",Pacocha-Bins,little.info,"Marketing VP",lime,2005-02-07,orlando02@zemlak.info,W)AGY&N9
40b978aa-1be4-368e-ac18-b7ca2bb649e9,Prof.,Piper,Kuhlman,"87 Grady Isle Apt. 339",Poblacion,Porac,"Metro Manila",Philippines,375-293-006,"+63 (944) 031-6460","Koss Ltd",johns.com,"Office Machine Operator",aqua,2007-07-18,zackary53@buckridge.com,]^3h6vinJt+y%`&
7e26c004-01ad-312c-a5ee-25a2a9eff2ea,Mr.,Rupert,Johns,"85A Waelchi Stravenue Apt. 566",Poblacion,Dumanjug,"Camarines Sur",Philippines,043-437-314,"(0944) 350-2023",Barton-Strosin,ferry.com,Geographer,yellow,1971-07-18,mya05@schultz.org,0gP{LsUCcPf^*ct;M_37
5f4500b8-3bb3-34b3-bc22-ef0d4a1f57c3,Prof.,Whitney,Kreiger,"63/29 Steuber Lake Suite 959",Poblacion,"Jose Dalman",Quirino,Philippines,332-291-801,"+63 (926) 836-9631",Harber-Walsh,kuhic.com,Therapist,aqua,2006-12-26,meredith80@yahoo.com,'`'f0cCw&2W
475eb2e7-baaa-31f3-ab9c-58fb67703538,Prof.,Elise,Wuckert,"31/81 Mosciski Roads",Poblacion,Paoay,"Agusan del Sur",Philippines,785-246-321,"+63 (908) 859-7852","Boehm, Johnston and Blanda",feil.com,"Copy Writer",fuchsia,1986-06-22,glenna.sanford@miller.org,%m]1Co+[1Oq
39eeec79-ef48-329b-b820-382046da3a9b,Prof.,Fleta,Walsh,"13 Satterfield Trafficway",Poblacion,"Nueva Valencia",Ifugao,Philippines,880-710-742,"+63 (977) 331-2304","Mertz, Konopelski and Erdman",labadie.info,"Funeral Director",lime,1997-01-11,aracely.olson@hotmail.com,:'.ZMfP
108fbf41-0bb5-35ea-ae82-e747ffe6789d,Ms.,Ashleigh,Schowalter,"42A/73 Rath Street Apt. 260",Poblacion,Liloy,"Zamboanga Sibugay",Philippines,704-398-725,"(0919) 229-9022","Schmidt, Hauck and O'Conner",prohaska.biz,"Drilling and Boring Machine Tool Setter",silver,2022-09-05,aleen.gerhold@hotmail.com,JbO+UEhRV-_6MIur5'p
bc79ec59-cc69-3f4f-aec4-3e019128c575,Mr.,Clemens,Lubowitz,"74/86 Frami Trail Apt. 865",Poblacion,Taysan,"Zamboanga del Sur",Philippines,041-995-886,"(0943) 627-1501","Hagenes and Sons",legros.com,"Highway Patrol Pilot",navy,2013-04-25,lueilwitz.kasandra@hotmail.com,6a2+qm_a[#R&NFuD84;
8ec246f7-2fb1-36cd-8643-058f30f3f8c8,Dr.,Mustafa,Rohan,"96 Haley Valley Suite 686",Poblacion,Trento,Batangas,Philippines,088-445-717,"(0939) 523-2855","O'Kon, Homenick and Dooley",maggio.info,"Electrolytic Plating Machine Operator",lime,1973-12-01,xjones@price.com,"Xa]mV)HM)mSi5,E("
50e9fcf1-52bc-3820-8b90-6170cfbfc881,Dr.,Augustus,O'Kon,"61/76 Dare Point",Poblacion,Kabugao,"Davao del Sur",Philippines,433-407-959,"+63 (996) 761-3612","Schuster, Marks and Greenfelder",williamson.com,"Home Appliance Repairer",lime,2010-10-18,powlowski.alexys@pacocha.info,yWDt!Z+j
56de86a9-0640-397b-8ea5-acadd8470f39,Prof.,Jonatan,Boehm,"83A/05 Reichert Viaduct Suite 935",Poblacion,"Datu Montawal",Romblon,Philippines,102-678-867,"(0947) 249-1014","Balistreri Inc",emard.com,"Financial Examiner",teal,1992-10-08,violette76@yahoo.com,"nQ=lJe}f_v^^Q40b\Ti#"
12aed697-a3d9-309e-b8bb-c564b8540f4b,Miss,Katlyn,Kunde,"54A Hodkiewicz Street",Poblacion,Tigbao,Cebu,Philippines,265-445-647,"(0928) 091-9480","Kozey, Orn and McLaughlin",schuster.com,Podiatrist,lime,2020-06-28,roberts.eldred@yahoo.com,Ta65wHjftP
7167cacd-47d1-35cf-ac74-fe400294cad7,Mrs.,Florida,Heidenreich,"31/37 Hill Wells Suite 684",Poblacion,Romblon,"Metro Manila",Philippines,632-152-250,"+63 (938) 922-8954","Weimann Inc",swift.net,Fitter,aqua,2007-02-06,heaven.kovacek@maggio.com,:sb?`G#X>(?yL-
b1b8b08c-9149-3c41-ac30-b9dbd421ae91,Ms.,Andy,Kling,"82 Schmidt Lock Suite 792",Poblacion,"San Felipe","Oriental Mindoro",Philippines,883-965-440,"(0905) 250-8318","McClure, Harvey and Anderson",balistreri.info,Veterinarian,maroon,2000-03-11,ignacio10@mayert.org,"Bm_c4%Z/IPw,"
38e5863f-9f11-37ba-9297-0f313824e3ee,Prof.,Arnulfo,Eichmann,"18/23 Russel Streets",Poblacion,"Santa Ana",Siquijor,Philippines,339-055-303,"(0928) 944-6228","Dicki, Runte and Schoen",friesen.com,"Chemistry Teacher",black,2021-04-14,thuels@yahoo.com,"=\fU=q"
36541514-3528-3387-b5c6-b08a48d04adc,Dr.,Greyson,Feil,"68A Kuphal Roads Apt. 707",Poblacion,Corcuera,Zambales,Philippines,469-226-522,"(0817) 374-2287","Boyle, Walsh and Hauck",casper.org,"Pipe Fitter",maroon,1988-03-24,wyman.zelda@marks.com,"td'Nw9Lj$SZ<O\YA"
ded67a54-63f5-3141-b49e-e6f80a015dbc,Miss,Ezekiel,Goyette,"98A/20 Botsford Junction Apt. 688",Poblacion,Naguilian,Tawi-Tawi,Philippines,579-391-453,"+63 (947) 638-3736","Tillman Ltd",padberg.com,"Radiation Therapist",yellow,1983-08-27,enola60@hagenes.org,*fNS5/
8094674a-1aba-3e45-8f94-cca7ab33e8a7,Mrs.,Dion,Lindgren,"86/73 Weissnat Springs Suite 511",Poblacion,Pagudpud,Apayao,Philippines,134-929-489,"(0998) 493-4424",Bednar-Little,kshlerin.biz,"Personal Service Worker",olive,1987-10-08,wolff.verna@hotmail.com,mD(}|aU{|p
db4abf42-4911-3349-b424-7cc133d533d3,Miss,Brent,Nienow,"48/98 Cummings Crossroad",Poblacion,Sagada,"Occidental Mindoro",Philippines,065-785-842,"+63 (980) 808-0280","Renner Inc",carter.com,"Model Maker",teal,2017-03-12,llewellyn88@yahoo.com,"tq&mL{5""UUUc"
03e0793f-eb83-3d1f-9fe6-e9c9af14c13f,Dr.,Edyth,Ward,"67A/06 Senger Wells Apt. 012",Poblacion,Pamplona,Maguindanao,Philippines,041-696-955,"(0936) 166-9000","Gerhold LLC",auer.com,"Meat Packer",fuchsia,2013-02-26,adams.simone@yahoo.com,"L_-z,Szr6["
5e18c215-2e40-3b9c-86e5-564d3c31462d,Ms.,Estevan,Marvin,"57 Mitchell Radial Suite 579",Poblacion,"Cabanatuan City","Zamboanga del Sur",Philippines,856-052-187,"+63 (973) 210-9214","Predovic Inc",oreilly.com,Warehouse,aqua,1987-08-05,moshe14@kerluke.com,",CwSo#"
87799fe0-7555-3dd2-864d-2047fec422f5,Mr.,Felipe,Cormier,"85/41 Huels Expressway",Poblacion,Kauswagan,"Misamis Occidental",Philippines,669-238-674,"(0919) 324-8481","Jerde, Howell and Klein",friesen.com,Physicist,fuchsia,2024-01-14,hmarks@hill.com,z>ZC+Z*%
b159f0b3-fa0e-3738-9628-18a008fd0468,Dr.,Jerel,Ebert,"31/70 Kling Mews Suite 471",Poblacion,Solsona,Capiz,Philippines,892-524-166,"+63 (917) 505-5416","Feeney LLC",beier.com,"Conveyor Operator",teal,2018-06-21,selmer.roberts@gmail.com,i^Wil`UH)xvY)G8m
48ba53cd-445c-347e-87c7-c20c4a47198a,Prof.,Cletus,Beatty,"10/91 Huel Route",Poblacion,"San Nicolas",Bulacan,Philippines,760-702-657,"+63 (943) 969-8286",Hane-Bayer,sanford.com,"Logging Equipment Operator",navy,2010-01-11,corine71@ryan.com,Wb[#(-wh
8999ed89-7d32-36bc-97d0-6e43cfd438a5,Dr.,Hilbert,Williamson,"64A/40 Jerde Plaza",Poblacion,Asturias,Pangasinan,Philippines,927-270-620,"(0978) 609-5766",Leuschke-Wolf,bogan.info,"Tank Car",purple,1991-11-23,hamill.gay@yahoo.com,"6_qdT7z78mWRl\1QIh`8"
ac2db1bd-183d-3c3b-b4a3-41916cc109d6,Dr.,Monte,Bins,"70A Kozey Tunnel",Poblacion,"Naga City","Nueva Vizcaya",Philippines,012-802-033,"+63 (971) 318-2513","Mohr PLC",kessler.net,Maid,black,1975-11-05,ubergstrom@littel.com,;{3m9NlzDp8
4fcfc63f-a06d-3131-aa00-bd061b0533f2,Mr.,Reggie,Kunde,"00A Halvorson Forge",Poblacion,"San Jose",Iloilo,Philippines,800-556-148,"+63 (942) 199-4500",Bailey-Murray,konopelski.com,"Animal Husbandry Worker",white,1970-09-28,dubuque.haskell@gmail.com,"Rd6'aYeS)IF""U=jn$XjH"
277fc548-77ed-36bf-94e7-8353f9f17cf6,Mr.,Darwin,Jast,"15 Gleichner Club Apt. 653",Poblacion,Bacolod,"Oriental Mindoro",Philippines,243-828-097,"+63 (919) 899-1499","Eichmann, Monahan and Collier",langosh.biz,"Bartender Helper",yellow,1974-12-10,lou35@buckridge.info,LM79&|WoxlN#8-O#
0e307411-d038-3d2c-8f05-9950eb92060b,Dr.,Gretchen,Feil,"28A Leannon Cliff Suite 978",Poblacion,"Nueva Valencia",Abra,Philippines,302-453-239,"+63 (928) 071-2696","Graham, Greenfelder and Rosenbaum",okon.com,"Petroleum Engineer",lime,1997-01-27,block.dangelo@hane.com,"F(""z]{}EXl+:9W|GZ,0%"
facb7a69-7a9f-3021-85da-e8f0961b155d,Dr.,Gennaro,Johnston,"45/18 Marks Station Suite 532",Poblacion,Viga,Rizal,Philippines,038-603-848,"(0940) 839-0225","Mitchell Inc",boyer.com,"Director Of Marketing",navy,2006-04-26,dwilkinson@gmail.com,o2VDaN&DBK[lYk]`>DRy
a801b5c5-43c6-3101-999b-cb47f97e0539,Mr.,Larry,Hirthe,"67A Orn Forges",Poblacion,Mahinog,Batangas,Philippines,573-264-898,"(0813) 540-4898",Lakin-Greenfelder,frami.com,"Janitorial Supervisor",olive,1981-09-04,rhianna.kilback@paucek.net,j=HCfOUc
7aec6467-2d85-32c0-8066-2706559584a6,Ms.,Kitty,Kilback,"36 Fadel Stream",Poblacion,Belison,Palawan,Philippines,939-483-222,"+63 (923) 641-8464",Sauer-Spinka,walsh.com,"Probation Officers and Correctional Treatment Specialist",gray,2018-03-24,kiehn.mavis@gmail.com,-+SWCTUqV/8Wy
2580e911-bc52-3ad9-9a16-4cd4af679bc9,Prof.,Orland,Howell,"35/38 Trantow Plaza Suite 509",Poblacion,"Las Nieves","Lanao del Norte",Philippines,019-859-554,"+63 (917) 366-5802","Fay and Sons",howell.com,Choreographer,gray,1997-03-29,monique32@leuschke.com,kAAetY
dfb89831-2448-3144-9b27-76ad3e858d12,Dr.,Lorena,Abernathy,"16/88 Larson Ways Suite 199",Poblacion,"Kalingalan Caluang",Catanduanes,Philippines,825-161-894,"(0817) 619-6313","Spinka, Emard and Jerde",boyle.com,"Transit Police OR Railroad Police",silver,2016-12-28,callie24@hotmail.com,3+X@V4S*:2#^uuzQ
f4949982-93da-3b58-a26b-1a2e61e041e9,Prof.,Lourdes,King,"58 Leuschke Stravenue Apt. 384",Poblacion,"San Fernando","Lanao del Norte",Philippines,952-314-213,"+63 (936) 736-2628","Ferry Ltd",purdy.com,Platemaker,yellow,2000-05-26,mose36@mosciski.com,S|[xgT]^^QL4GC
baf92283-b407-3cb3-9248-5c784dc16e2f,Ms.,Heber,Hoeger,"25/84 McLaughlin Mountain Suite 471",Poblacion,Samal,"Surigao del Norte",Philippines,707-075-279,"+63 (974) 861-6556","Stokes LLC",ziemann.com,"Sports Book Writer",blue,2015-02-25,mylene63@harris.com,?;g|qK[
0d0d766d-4f39-32d7-ba6f-bf3fd81090d1,Mr.,Emelia,Wilderman,"96 Muller Crest",Poblacion,Cagayancillo,Romblon,Philippines,644-954-254,"(0928) 896-4158","Kulas and Sons",lemke.org,"Computer Operator",olive,1988-09-05,wuckert.serena@purdy.com,"fhS3|2Y-SS^tJj8,DA"
0cd9ee36-de7b-3cc2-b2bd-dfbf26a76c10,Miss,Shanelle,Deckow,"07A Walsh Roads",Poblacion,Al-Barka,Rizal,Philippines,288-246-513,"(0909) 134-1829","Paucek, Waelchi and Boyle",schulist.biz,"Material Movers",blue,1989-12-23,may.oreilly@abbott.com,eeK}?0
1fd7dc62-b467-360e-b30b-1befb5fe0936,Dr.,Willow,Collins,"52/49 Herman Centers Apt. 100",Poblacion,Irosin,Kalinga,Philippines,805-164-347,"(0912) 200-5744","Nienow, Donnelly and Kirlin",bosco.info,"Anthropologist OR Archeologist",fuchsia,1975-05-19,crawford.bradtke@lockman.info,"K/DxhUWjK""\t}8!yN;iG"
2ae8130d-57d6-3911-b7e0-fedcd3d08fc9,Dr.,Lindsay,Willms,"70 Brown Meadow Apt. 021",Poblacion,"Bi単an City",Batanes,Philippines,406-421-965,"+63 (934) 491-8827","Gerhold, Towne and Ernser",hamill.org,"Nuclear Medicine Technologist",lime,2003-06-05,rmonahan@koepp.info,MMC^jV
20d7efaf-4577-38c7-b84e-2db63fb54703,Mr.,Samantha,Weber,"93/86 Gleichner Parks Apt. 443",Poblacion,"San Miguel",Iloilo,Philippines,533-082-414,"+63 (932) 389-8158","Botsford LLC",marquardt.biz,"Communication Equipment Worker",gray,2003-03-16,hkerluke@klein.com,6TbQdM_
63b21a93-ba07-3ca1-ba4e-259fcceba0b8,Dr.,Sonny,Murray,"02A/61 Wyman Crossing Suite 738",Poblacion,"Datu Saudi-Ampatuan","Occidental Mindoro",Philippines,560-400-911,"(0931) 900-2120","Stoltenberg, Cummerata and Powlowski",gleichner.biz,"Central Office Operator",white,1979-09-30,valentin.bergnaum@mills.com,q.y5_gfYn
c6830198-3954-35fd-afb0-0e9bd1d637f0,Prof.,Lea,Stehr,"61A Schowalter River Suite 878",Poblacion,Limasawa,Romblon,Philippines,798-877-925,"(0937) 724-9111","Tillman, Kilback and Leffler",watsica.com,"Radio Operator",white,1974-07-09,aric36@gmail.com,<[DT/iY$3aW
2a1247fc-6c9e-3ffa-9e1f-3e99ab8c7022,Dr.,Kaci,Medhurst,"28A Haley Pines Apt. 145",Poblacion,"Benito Soliven",Capiz,Philippines,796-031-615,"(0978) 121-8223",Mertz-Mueller,padberg.biz,Healthcare,navy,1980-02-10,braun.christ@nienow.info,">u_i.0wQ9n""*)c!zGy"
793eb5ef-eb70-3693-b163-e804959898bd,Mr.,Rhett,Robel,"04A/22 Stehr Loop Apt. 999",Poblacion,Sagay,Batanes,Philippines,682-057-447,"+63 (979) 348-5750","Kutch, Schaden and Flatley",johnson.com,"General Manager",green,1972-07-07,cabbott@hirthe.com,"K6hdJ/""lSI=hi"
c9fb6f7e-2209-3512-93f4-0503ea3f0e45,Dr.,Arno,Hane,"85A/79 Turcotte Mission",Poblacion,Compostela,"Compostela Valley",Philippines,407-444-045,"+63 (994) 527-3398","Keeling, Koch and Rath",hackett.org,"Utility Meter Reader",lime,2020-02-15,mitchell.tyson@hotmail.com,"}3jKWdq5,:,Gc68"
d21d959c-5bba-3cff-9d11-5c7d92d858a2,Prof.,Cecelia,Schaden,"96/75 Stark Viaduct",Poblacion,"Samal City",Aklan,Philippines,848-559-699,"(0900) 310-4411","Reinger Inc",welch.biz,"Automotive Specialty Technician",yellow,2021-03-18,gregorio59@hotmail.com,"iAC%,]-"
17572425-86ad-3186-8317-f06a25dd2d14,Prof.,Kassandra,Rogahn,"10A/46 Fadel Islands",Poblacion,"Bi単an City","Eastern Samar",Philippines,151-305-576,"(0971) 412-2458","Leuschke, Torphy and O'Kon",hermiston.com,"Psychiatric Aide",navy,1997-05-23,luettgen.daisha@beer.info,q'%pL#}M2zGPcCU
2aecfc78-d4d2-31f9-bd34-cd6b5b3a99dd,Prof.,Gerald,Murazik,"28A Hyatt Vista Apt. 378",Poblacion,"Sofronio Espa単ola","Surigao del Norte",Philippines,808-179-483,"(0943) 731-9925","Moen Inc",grant.net,"Machine Feeder",blue,2023-02-23,issac13@rodriguez.net,"3IRL4r!{""AKLnQ13|'{"
e7ecf851-d097-36ef-ab41-1f860b5600d3,Ms.,Shany,Kautzer,"20/91 O'Hara Canyon Suite 076",Poblacion,Mendez,"Compostela Valley",Philippines,494-090-867,"+63 (921) 286-1441",Robel-Schaefer,carroll.org,"Pharmacy Technician",black,2008-11-05,kamille.mueller@yahoo.com,~][@5@6eVe9RvqS@$(
5270485a-1024-3bc3-b155-3fde6111de55,Ms.,Emmy,Blanda,"76 Crooks Loop Apt. 736",Poblacion,Panaon,Laguna,Philippines,391-655-369,"+63 (930) 440-6630","Weimann, Friesen and Connelly",kozey.info,Auditor,purple,2014-03-11,leuschke.eric@wiza.com,"J16y{IH&AGtR""R&N"
e105b462-64cc-3398-b2c1-b596f9a55e9d,Dr.,Nathan,Zieme,"67A/66 Gutkowski Orchard Suite 770",Poblacion,Dilasag,Siquijor,Philippines,547-186-067,"+63 (905) 531-5586","Jast, Hansen and Morissette",predovic.com,"Public Relations Specialist",lime,1980-05-20,keanu75@hotmail.com,'V0w|io?![wa/
d87033b6-841f-3bf5-b98e-12c7d15fd318,Mr.,Elmer,Ortiz,"99 Sanford Harbors Suite 668",Poblacion,"San Luis",Quezon,Philippines,483-977-324,"(0940) 442-8106",Kuhic-Hahn,toy.net,"Excavating Machine Operator",black,1981-05-12,kondricka@yahoo.com,g/BH?YFWS!)
580ce8d9-4180-3b8d-aa9e-ad71d8e9b201,Dr.,Kenneth,Davis,"41 McClure Knolls Apt. 118",Poblacion,Merida,Quirino,Philippines,266-151-595,"+63 (922) 174-0387",Walsh-Skiles,breitenberg.com,"Skin Care Specialist",purple,1993-04-05,hmayert@yahoo.com,&IAQsHI.~>)VC7?g}jTn
a26a8358-6a1c-36f1-b3b4-100510f26f69,Ms.,Amya,Reichert,"74 Larson Overpass Apt. 548",Poblacion,"Del Gallego","Zamboanga Sibugay",Philippines,092-519-069,"(0927) 514-8644",Schneider-Koch,rau.org,"Marking Clerk",silver,2011-05-24,marcelino14@hotmail.com,);3VwPGeP
ba8019f1-a09c-3d2c-92c5-856eee653e5d,Prof.,Melany,Kunze,"58A/86 Auer Radial",Poblacion,"San Fabian",Cagayan,Philippines,863-989-482,"(0930) 852-2913","Considine LLC",berge.com,"Computer Software Engineer",navy,2010-05-20,coralie78@gmail.com,"Ps\1'F"
b8a5481d-a18b-3a38-bcd7-2f0cb65952c0,Mrs.,Telly,Heller,"65/19 Mayert Garden",Poblacion,M'lang,"Zamboanga del Sur",Philippines,250-204-659,"(0931) 281-1781","Yost, Jacobi and Lehner",howell.com,"Portable Power Tool Repairer",yellow,1991-09-15,marcelle22@yahoo.com,"i*p{cp""&w*@2d$(W"
31dad7c0-26f7-390d-942d-c8916713104e,Mr.,Vicenta,Rogahn,"69A Blanda Summit",Poblacion,Bongabong,Guimaras,Philippines,521-234-956,"(0971) 490-1269",Ortiz-Kuhic,hane.com,University,teal,2000-10-27,xhauck@hickle.net,",VKF[zrZaO.ftfxB"
6604641a-8365-368a-9c42-f4752bd00b66,Mr.,Kayley,Jenkins,"40A/79 McLaughlin Squares Apt. 811",Poblacion,Bantayan,Batangas,Philippines,584-183-212,"+63 (928) 172-2428","Dare PLC",gorczany.com,"Precision Devices Inspector",gray,2014-09-09,murazik.ryan@nader.org,"3Su""zn}"
a7a96b81-99c0-3f42-ae9a-cfd0a7a88699,Dr.,Rae,Schmitt,"94 Schimmel Point Suite 348",Poblacion,Angat,Aklan,Philippines,982-333-668,"+63 (909) 635-9860","Champlin, Greenholt and Lehner",pouros.org,"Appliance Repairer",olive,2020-04-25,estelle14@brekke.org,y7t19!Q@L{^Ar5=
f5ddab91-a446-38c8-ac3c-724e2b176c23,Prof.,Rod,Schulist,"40 Waelchi Branch",Poblacion,"San Mariano","Nueva Ecija",Philippines,513-933-575,"(0917) 929-6332",Kub-Bogan,monahan.com,Electrician,green,1974-11-08,dolores.runolfsdottir@hotmail.com,">$NN1*_^[:h6RVw5\Su"
04cfebca-17cf-3c70-bf9d-9a8e4d9bdc33,Mrs.,Lamont,Feil,"42 Keebler Junctions",Poblacion,Lakewood,"Lanao del Norte",Philippines,732-945-325,"(0940) 608-1881","Kiehn and Sons",bosco.com,Brickmason,fuchsia,1997-09-14,noemy.mckenzie@will.com,BK;A:fQsW
2cd20584-d29c-3a04-a877-380fc8cfc4a2,Mr.,Danyka,Sipes,"36A/19 Macejkovic Stravenue",Poblacion,Balbalan,Benguet,Philippines,058-417-844,"+63 (944) 432-8213",Tromp-Homenick,bruen.net,"Healthcare Support Worker",aqua,2001-10-25,rempel.verla@lemke.com,jm|Sodcv
1139c557-5c4a-35fe-b547-ff679f201171,Prof.,Talon,Willms,"78A Rippin Spur",Poblacion,Siay,"Misamis Oriental",Philippines,636-189-974,"+63 (935) 146-3598","Schimmel, Feil and Mueller",powlowski.com,"Entertainment Attendant",green,2013-12-09,swaniawski.kathleen@yahoo.com,}r.D}r
841a87cd-af36-39d2-a085-c7ba7b100e2d,Dr.,Eulah,Braun,"01A Rohan Rapid Apt. 582",Poblacion,"San Pablo","Lanao del Norte",Philippines,974-349-650,"(0909) 572-8718",Wisoky-Walter,graham.com,"Dietetic Technician",black,2005-12-21,ffunk@moore.com,8@6MF9
e1efa881-5397-35ce-90da-cac289a9e127,Dr.,Sheridan,Hoppe,"81/90 Stoltenberg Glens Suite 106",Poblacion,Plaridel,Pampanga,Philippines,792-690-953,"(0994) 395-3722","Stark Ltd",bednar.org,"Social Work Teacher",navy,1994-10-26,jakubowski.doyle@hotmail.com,"\xz8&)}"
ac276b90-d798-3e2e-a385-323b8290d1ae,Mrs.,Destiny,Olson,"15 Keebler Rapids",Poblacion,Bansud,Batangas,Philippines,296-542-308,"(0928) 586-3856","Bosco, Gerlach and Dare",upton.com,Jeweler,yellow,2008-02-04,audreanne36@lakin.net,Dr>+Q/p=N+^W
ee72f389-7253-3aa5-ab54-8d0c1c0b5609,Prof.,Marcella,Bechtelar,"49A Hansen Club Apt. 276",Poblacion,"Santa Maria",Abra,Philippines,939-287-999,"+63 (996) 853-3267","Russel Group",pollich.com,"Talent Director",maroon,1980-07-26,cronin.albert@langosh.org,~uOfvA1>Ge|lvW1
c62852bc-0d49-3ed9-83cb-42be79bed4d8,Prof.,Drew,Marvin,"91A/98 Bauch Throughway",Poblacion,Bindoy,Masbate,Philippines,627-198-698,"+63 (936) 348-2548","Kreiger, Fritsch and Baumbach",aufderhar.com,Roofer,blue,1988-05-14,jenkins.sabrina@bins.info,$}v_x{
5e238ace-bf4c-3086-a0ca-3e340c6a37fa,Dr.,Ricardo,Wunsch,"12/35 Funk Island",Poblacion,Malinao,Masbate,Philippines,923-817-469,"+63 (920) 074-8560","Kling, Dickinson and Renner",luettgen.com,"Technical Program Manager",white,1973-10-22,shields.riley@rutherford.com,~E:XSt
3c16b9ba-5540-323d-8a16-9d0a68f52fc2,Dr.,Chandler,Corkery,"85A Hegmann Branch Apt. 269",Poblacion,Kauswagan,"Negros Oriental",Philippines,502-699-008,"(0949) 565-8764","Block Inc",murphy.org,"Jewelry Model OR Mold Makers",silver,2005-08-19,botsford.favian@yahoo.com,"""54w)2_L0~HUhv$"
87393f02-97dd-3ad9-84b4-1612b8328bac,Ms.,Katherine,Kirlin,"31/13 Kutch Radial",Poblacion,"La Carlota City","Metro Manila",Philippines,413-902-177,"+63 (977) 593-7316",Legros-Ferry,denesik.com,"Computer Programmer",navy,1991-09-26,damion55@hotmail.com,Z;tn=&H-5'[n.mD.K8
a5ab5838-8155-32ef-9471-43a3604c888f,Miss,Kelley,Wiza,"95/56 Tremblay Walk",Poblacion,Pikit,"Surigao del Sur",Philippines,420-407-822,"(0998) 107-1481",Mertz-Donnelly,rice.com,"Forest and Conservation Technician",maroon,1980-11-30,lupe58@schaden.com,"8K,xa%/yo2|K>E\LfN'G"
a84bb3c1-e5e5-3e74-968d-084e1442d69d,Mr.,Olin,Barton,"64/28 Aufderhar Shoals Apt. 723",Poblacion,Sigay,Cebu,Philippines,772-474-580,"+63 (907) 798-0472",O'Keefe-Fay,brown.com,"Aircraft Body Repairer",navy,1984-12-02,schneider.taurean@gmail.com,9JJ|GSW
94c19831-1a3b-3743-ad65-00682fc8292b,Mrs.,Fiona,Konopelski,"64A/25 Gaylord Courts",Poblacion,Sogod,Benguet,Philippines,489-899-522,"+63 (917) 132-0690","Oberbrunner, Kling and Anderson",mcclure.info,"Plant Scientist",olive,2013-05-09,strosin.treva@hotmail.com,"xd5Yf,+I6H7p|{T+"
686bd682-8775-35e5-806a-84cd6ba0e69d,Prof.,Randall,Lemke,"51A Bradtke Flat Apt. 440",Poblacion,"Nueva Valencia",Bukidnon,Philippines,583-121-547,"+63 (922) 386-3184","Weissnat, Torp and Connelly",predovic.com,"Logging Supervisor",blue,1997-07-04,hilpert.marlee@spencer.org,"{o\Lwnrc"
d1d0a01c-c628-3b9a-a962-fac78f52db38,Mr.,Lacy,Johnston,"64/66 Zboncak Estate Apt. 262",Poblacion,Quezon,Apayao,Philippines,365-968-837,"+63 (935) 101-3625","Homenick LLC",hessel.biz,"Human Resources Assistant",yellow,1983-02-21,morn@hotmail.com,3xM]8g5'#A(Pc!=D
1d0b2dc9-f3b0-3912-9171-472fdf481fdc,Mrs.,Rasheed,Hyatt,"26A/61 Bergnaum Fords Apt. 230",Poblacion,"Alfonso Lista","Negros Occidental",Philippines,478-182-625,"+63 (908) 191-5123","Medhurst, Bailey and Fay",towne.com,"Payroll Clerk",white,2014-05-21,heaney.chadd@hotmail.com,:q&?}h+0VeR(c1hfe0q
54e1973b-6709-35d7-88e3-ec82a14fe9cd,Miss,Jasper,Mante,"23A/59 Murphy Estates Suite 655",Poblacion,"South Ubian","Davao del Sur",Philippines,865-226-142,"(0940) 132-7602","Krajcik, Howe and Ryan",olson.info,"Plating Operator",maroon,1977-10-02,lynn.tromp@rodriguez.org,~fUbGnWtx5
9c5d2db9-4ae6-3980-8db6-8b4bd8d28e62,Dr.,Daron,Miller,"15/93 Abernathy Estates Apt. 391",Poblacion,"San Ricardo",Basilan,Philippines,516-125-691,"(0926) 543-7103","Hoeger Inc",spencer.com,"Tool Set-Up Operator",purple,2019-01-23,hheller@fadel.com,S[pjoSLPd
1ae91432-7251-3263-be64-d73aae3d6938,Dr.,Giovanni,Streich,"86A Schaefer Coves",Poblacion,"Mabalacat City","Nueva Vizcaya",Philippines,617-812-626,"(0813) 140-4264","Windler LLC",senger.com,"Occupational Health Safety Specialist",silver,2005-11-19,lesch.romaine@gmail.com,yrt$=j:
3ce8f58c-af6d-3e09-9546-807d36d7ecff,Mr.,Kristin,Gerhold,"51/38 Buckridge Club Apt. 725",Poblacion,"Turtle Islands",Ifugao,Philippines,569-114-721,"+63 (921) 606-5033","Heller, Orn and Hackett",thompson.com,"Shear Machine Set-Up Operator",gray,1982-01-21,filiberto85@hotmail.com,@KX8ug}(t;
1d4a481a-3113-3127-bac2-5c724efb02f2,Prof.,Marisa,Quigley,"26/93 Pacocha Court Suite 865",Poblacion,Tabango,Samar,Philippines,359-842-104,"+63 (933) 814-3207","Lueilwitz, Schuster and Kessler",cormier.org,Warehouse,teal,1984-08-14,rjakubowski@gmail.com,4jILSdW]56hiozhA'
0ae21c79-823c-3c2a-8c2e-80871e843e3d,Dr.,Adriana,Smitham,"70 Witting Route Apt. 795",Poblacion,Sogod,"Occidental Mindoro",Philippines,510-804-508,"+63 (994) 473-0015",Boehm-Fadel,green.com,CTO,gray,1976-05-16,mraz.michele@smitham.org,xufKn/v@<+.
c8db601e-680b-32e0-ad04-3931458c0bc4,Miss,Jackson,Morar,"29 Marquardt Canyon",Poblacion,Bulusan,Sulu,Philippines,805-844-902,"(0946) 112-8680","Hegmann PLC",carter.org,"Customer Service Representative",fuchsia,1982-03-08,zkris@hotmail.com,.fr.d0L23d
bd98647f-50ee-362a-ab2b-038e5d32f05a,Prof.,Allison,Cormier,"93A Walter Trafficway Suite 908",Poblacion,"Tagum City","Mountain Province",Philippines,194-508-893,"+63 (971) 294-4811","McClure Ltd",paucek.biz,"Surveying Technician",blue,2023-09-25,sean55@bosco.net,"($^yFcOI2o%""yc/Do"
5a0454d9-6fb1-36e8-b12d-e81f33d3690b,Dr.,Reymundo,Doyle,"24/14 Kutch Locks Apt. 755",Poblacion,Lagonoy,"Davao del Norte",Philippines,135-846-312,"+63 (943) 219-8787",Shanahan-Feeney,runte.com,"Extruding and Drawing Machine Operator",teal,1988-12-17,afadel@gottlieb.com,bM<iKWpTQvaO|mo
aaa73d07-7bdf-3643-93b8-6acee7a86f1a,Prof.,Golden,Gusikowski,"90A/40 Frami Crescent Suite 433",Poblacion,Candelaria,Leyte,Philippines,995-559-464,"+63 (974) 641-1026","Williamson Inc",reichert.com,"Multi-Media Artist",blue,2023-01-25,marlen.miller@yahoo.com,3<GS<_5QB
86e21fc5-7622-33bc-9ea7-2466a4867db5,Prof.,Gwen,Heller,"24A Kub Bypass",Poblacion,Alamada,"Surigao del Norte",Philippines,000-989-236,"(0974) 336-6920",Terry-Hagenes,feil.com,Millwright,olive,2005-01-09,huels.marcellus@hotmail.com,BUNrw)d|);_ry:d
d27e8fef-6059-327b-a988-8b8b08acf0f7,Prof.,Arno,Reinger,"79A/22 Bergstrom Ford Apt. 595",Poblacion,Bilar,Palawan,Philippines,099-007-149,"+63 (974) 579-0458",Dickinson-Hettinger,bashirian.com,"Coating Machine Operator",maroon,2008-04-16,lgleason@yahoo.com,!`130'_
412c3c17-351b-3ee5-b8ef-d8d7be7c8799,Mr.,Marcelo,Rice,"47 Konopelski Extension Suite 513",Poblacion,Inabanga,Batanes,Philippines,791-733-166,"+63 (935) 026-0403",Rodriguez-Medhurst,kerluke.info,"Traffic Technician",aqua,2006-05-17,lratke@thiel.biz,"a9W""X+Jp?Q"
9a86aef3-3188-35d9-bc05-27e9f2f5ab6b,Mr.,Dana,Hills,"97/84 Roberts Burg Suite 961",Poblacion,Malalag,Bulacan,Philippines,143-483-166,"+63 (910) 733-3320",Cremin-Spencer,bartoletti.com,"Sales Manager",silver,1984-02-05,joy97@roob.com,9&e^WKTSF&+EK`%bOE@
680d342a-d054-39e4-97de-6bce2a6f7421,Miss,Aryanna,Langworth,"64 Schiller Lodge Suite 650",Poblacion,"Koronadal City","South Cotabato",Philippines,730-767-891,"(0912) 225-5077","Hermann, Ernser and Franecki",skiles.com,Patternmaker,gray,1974-06-17,stacy35@deckow.com,"?ins0I(9x\}E"
764ef5df-3ccf-3c8f-bc5a-f914baca4466,Miss,Maurine,Donnelly,"21A/60 Bergstrom Trail Apt. 758",Poblacion,Kasibu,"Ilocos Norte",Philippines,939-847-283,"(0973) 393-1818","Erdman and Sons",jaskolski.com,"Advertising Manager OR Promotions Manager",lime,1975-02-17,aaron30@wolf.biz,JpjK9ClviL
138ec91a-ee72-3203-aba0-aa94279c4d2b,Ms.,Eleanora,Marks,"85A Dickens Extension Suite 107",Poblacion,Borbon,"Zamboanga del Sur",Philippines,158-294-040,"+63 (978) 855-8495","Schmeler, Hegmann and Wiegand",braun.com,Welder,lime,2003-06-30,albina.williamson@hotmail.com,4L/9n}@cmdF^]Y
f6505059-d6f5-3c22-8c35-8b381361b02f,Ms.,Shad,Lindgren,"34A/55 Sanford Common Suite 227",Poblacion,Rizal,"Negros Occidental",Philippines,247-252-201,"(0929) 215-4026","Carter, Williamson and Bechtelar",purdy.com,"Agricultural Sciences Teacher",yellow,2007-05-12,toconnell@braun.com,"Y1CI>C0lb6\d-%wIu&5"
589e3ee7-4bf5-3980-aa94-be7f9e8fd048,Dr.,Kayleigh,West,"58A/54 Rau Ville Suite 383",Poblacion,Sumilao,Palawan,Philippines,594-177-609,"+63 (980) 171-0663","Mertz Ltd",beatty.biz,"Construction Manager",teal,2022-11-08,cierra81@ward.info,"lP{V:M,Gh5ndKg"
d3f52739-cea6-3e31-b406-a0ea394dc3b5,Prof.,Lenna,Predovic,"87A/58 Abbott Camp",Poblacion,Compostela,"Agusan del Norte",Philippines,926-941-343,"+63 (994) 831-1142",Grant-Crooks,sipes.info,"Purchasing Manager",aqua,2016-08-24,ijohns@connelly.com,ay9~!F46yEDh-c
24da4cb9-cf12-355c-9484-baf9e95dee31,Dr.,Delilah,Baumbach,"07A Bergnaum Valley",Poblacion,Cuartero,"Surigao del Norte",Philippines,346-345-889,"+63 (900) 851-0749","Prosacco Group",gutmann.com,Inspector,fuchsia,2014-03-19,kenyon.aufderhar@collier.biz,"yK,6$2KdYw`~"
b4b10191-1f24-3774-88e5-28d9de68eb90,Mrs.,Garland,Hamill,"64 Strosin Curve",Poblacion,Hinunangan,Biliran,Philippines,430-086-010,"+63 (989) 296-6996","Ernser Inc",wiegand.biz,"Loan Officer",white,2000-05-17,richie95@hotmail.com,TWv#$|>hkK&Gf8
f8ad0fef-928d-3dab-b1f3-80642cf3c115,Prof.,Nick,Okuneva,"17 Eichmann Forest",Poblacion,Kinoguitan,Masbate,Philippines,870-077-621,"+63 (978) 313-3496","Huel PLC",ortiz.org,Hydrologist,green,2024-09-11,anibal.mayert@yahoo.com,".|m,;anz2j0ohpglxU"
76fc114a-2520-30cf-9dbb-31f2c3d7e95f,Miss,Freida,Labadie,"84 Metz Flat",Poblacion,"Lucena City",Cebu,Philippines,780-597-824,"+63 (997) 605-5751","Dickinson, Waelchi and Hudson",klein.com,"Materials Engineer",silver,2003-07-26,brown.rolfson@hotmail.com,"nh%[q@gm9\/0"
408d52dc-b201-3bec-8b42-88d96677f152,Prof.,Misael,Koss,"85A/15 Collins Via",Poblacion,Tayug,Bulacan,Philippines,053-033-810,"(0916) 350-2103","Graham, Reichel and Hodkiewicz",dibbert.com,"Computer Scientist",gray,1987-05-15,ikertzmann@gmail.com,-^]FGRm`$o{8
24bf202b-3e7c-36b1-b789-aa32b0553dd8,Dr.,Alivia,Hagenes,"11A Harber Divide Apt. 174",Poblacion,"Mataas na Kahoy",Pangasinan,Philippines,648-414-418,"+63 (973) 953-6158",Larkin-Hintz,mckenzie.com,Bailiff,olive,1974-07-22,santina96@smitham.info,oE1?=w2u)wZg!S*
078d89b3-8850-3c7e-800c-a0c7ddc56382,Dr.,Carlotta,Sanford,"35A Wuckert Glen Suite 708",Poblacion,Maasin,"Surigao del Sur",Philippines,529-455-047,"+63 (923) 031-6038",Stroman-Spencer,satterfield.org,Podiatrist,gray,2019-12-21,schowalter.catherine@hotmail.com,FH^L?dDs%pq0/)|
27fa36ad-3043-3d45-8e97-8b404b37c4ee,Mrs.,Destiny,McKenzie,"94A Hudson Route Apt. 026",Poblacion,Moncada,"Northern Samar",Philippines,868-553-684,"+63 (949) 819-4931",Corwin-Mraz,wunsch.com,"Movie Director oR Theatre Director",gray,2016-05-18,vmoore@hotmail.com,K%+1=|*V<W&Bh
4a42295e-3646-3067-b7f3-6c8d51edc0f2,Mr.,Giovanni,Robel,"10A/24 Beier Pines Apt. 342",Poblacion,Cauayan,Biliran,Philippines,069-117-444,"(0813) 885-6229",Steuber-Dibbert,windler.com,"Distribution Manager",olive,2000-04-29,gerson52@yahoo.com,@=bws#je=.TiPk6zK8
52e016dd-2c12-3368-958a-8f2166227b5b,Ms.,Davin,Koelpin,"56A/54 Keeling Brooks",Poblacion,Labo,"Davao del Norte",Philippines,628-048-671,"(0916) 560-0975",Beier-Olson,hyatt.com,"Radiologic Technician",fuchsia,1986-08-30,stokes.monty@gmail.com,"\f,^}(P@\e3"
5aa684f0-33c4-367f-9698-4767856e7505,Mr.,Nova,Gerhold,"87A Roberts Green Suite 430",Poblacion,Pontevedra,Quezon,Philippines,058-774-866,"+63 (980) 092-5565","Yost LLC",leuschke.com,"Locomotive Engineer",purple,1977-06-09,rico79@oconnell.com,7_d02Uk.*(>
677253e3-0c7d-3bbc-adc1-bec183dd918f,Prof.,Alivia,Daniel,"27A/89 Altenwerth Courts Suite 208",Poblacion,"San Quintin",Kalinga,Philippines,257-853-667,"+63 (931) 088-4577","Sawayn, Crona and Russel",pollich.com,"Carpenter Assembler and Repairer",fuchsia,2020-09-09,ziemann.travis@gmail.com,66+Yt1;D.kr
7b66fe69-2b62-3837-804e-6c33298148d8,Prof.,Sallie,Harber,"42 Gerlach Bypass",Poblacion,Talisay,Maguindanao,Philippines,621-803-947,"+63 (921) 628-7119","King LLC",jacobi.com,"Fish Game Warden",green,2013-10-01,raphael.bauch@ruecker.com,MK*1hb!/9Eo#t
af711466-aa50-3ed3-bc91-cd8c3bc84ffa,Mr.,Toni,Schulist,"23A Anderson Rapid Suite 424",Poblacion,Nunungan,Masbate,Philippines,166-567-566,"(0817) 958-5536","Rice, Klocko and Nader",runolfsdottir.org,"General Farmworker",fuchsia,1986-09-16,frederik46@yahoo.com,MuB3q/Yg
68a5235c-b67b-3df7-b0bc-8ec6599f7760,Mrs.,Wilford,Donnelly,"84A Torphy Road",Poblacion,Mendez,Cotabato,Philippines,706-016-101,"(0930) 791-1204",Waelchi-Abernathy,becker.com,"Fashion Designer",purple,2020-04-21,adeline.becker@will.com,:w<}Pn0_e8&nTq@_*
d710bed9-1f74-3042-b1f2-7705fb319c6c,Dr.,Della,Pacocha,"93A Beahan Springs",Poblacion,Sablan,Maguindanao,Philippines,733-309-536,"+63 (973) 728-2674",Kris-Ritchie,herzog.org,"Air Crew Officer",gray,1998-02-04,floy10@gmail.com,9Aq?efi/kwhZ-+hX<VZ
e256e35c-9fe9-30fd-989e-a3b65788fde6,Dr.,Khalil,Ledner,"95 Hoeger Falls",Poblacion,Claver,Isabela,Philippines,649-010-219,"+63 (949) 474-6212",Denesik-Ankunding,aufderhar.com,Patternmaker,lime,2002-03-18,anais40@yahoo.com,/YtFHXM
120cf9cb-fbee-34c1-8975-1017c944a82b,Dr.,Ashton,Thompson,"84/93 Johns Lane Apt. 946",Poblacion,Kalayaan,"Negros Oriental",Philippines,982-726-276,"(0938) 161-7921",Kassulke-Bernier,dicki.biz,"Meat Packer",gray,2021-01-06,mustafa.pagac@gmail.com,_#:OqG*q.&?
8ee0bbc2-515a-3df3-8c9a-43e91cdb9546,Dr.,Bette,Von,"75 Kohler Fort",Poblacion,Dumarao,"Camarines Sur",Philippines,928-473-816,"+63 (912) 907-6050",Boehm-Morar,frami.com,"Maintenance Worker",navy,1979-11-25,bartell.wade@hotmail.com,"{ZrAoNeD3N{Wd@}G,"
9fde631c-6a43-3356-a619-fb99815aa4b3,Ms.,Mireya,Langworth,"04A Wyman Mill",Poblacion,Dumanjug,Benguet,Philippines,453-008-463,"(0942) 544-4862","Funk PLC",schneider.com,"Personal Home Care Aide",green,1977-06-26,shintz@gmail.com,?SK73biRvD{f
2f6368e3-50b2-3eb8-944e-047a4b806fbb,Mr.,Keyshawn,Wiegand,"55A/98 Simonis Fords Suite 695",Poblacion,Manapla,Rizal,Philippines,917-634-662,"(0926) 610-2052",McGlynn-Schaden,littel.com,"Environmental Engineering Technician",blue,2001-11-18,edna.hamill@funk.org,"qb/:}0-"">0\5P"
fdb6229b-74d2-3c62-9756-df3086c02896,Prof.,Edmond,Casper,"75/22 Nikolaus Haven",Poblacion,Burgos,Pampanga,Philippines,586-254-682,"+63 (942) 031-1258","Schuppe, Rosenbaum and Hartmann",kuhn.biz,"Animal Scientist",olive,1987-06-15,nora.casper@yahoo.com,"Sf`GXDv],8p&Qn*lu"
844e49b5-16c8-384f-9ecc-db463826dc90,Dr.,Keyshawn,Smitham,"24A/90 Heathcote Villages",Poblacion,Valencia,Apayao,Philippines,459-448-877,"+63 (974) 360-3345","Larkin, Murray and Tillman",cronin.com,"Claims Taker",lime,2004-06-13,ward.chad@kihn.org,89wFPSJ59NUz+t>'6~=Q
0413ad07-8762-3710-acd2-cc1738da65bb,Mr.,April,Kiehn,"08A/22 Blanda Branch Apt. 003",Poblacion,Plaridel,"Ilocos Norte",Philippines,842-335-877,"+63 (920) 932-8692","Paucek and Sons",parker.com,"Title Abstractor",white,1990-05-02,kuhn.anna@gmail.com,%9Zz4wCY1T
e4cafb52-dedf-3da3-97e3-54626f7bd0c5,Mrs.,Bryon,Hodkiewicz,"20A Little Lodge Suite 427",Poblacion,Lubang,Sorsogon,Philippines,594-250-230,"+63 (998) 537-7500","Koch Inc",cremin.info,"Telephone Station Installer and Repairer",gray,1988-07-27,shanel.pouros@breitenberg.biz,ob8U1i{WzNFL~4
45771c22-881c-3b13-8b07-66532b56d627,Mr.,Zachery,Bailey,"42/87 Orn Point",Poblacion,Zaragoza,Maguindanao,Philippines,971-509-013,"(0934) 289-5455","Hand Ltd",mckenzie.com,"Marine Cargo Inspector",purple,1989-08-23,dschumm@schmeler.com,<@0Ajyr
2442677a-f344-359f-bbb1-e6276cf01080,Dr.,Joey,Littel,"86 Rice View",Poblacion,Kolambugan,"Dinagat Islands",Philippines,070-835-080,"(0996) 765-0063","Hills, Ullrich and Carter",reilly.net,"Eligibility Interviewer",white,2007-02-28,kellie03@gmail.com,"^u}i<~c3bOl*/Q}V5\"
35e90e7c-c881-3143-9907-4cc32fb72aa1,Ms.,Quinten,Hirthe,"72 Lehner Common Apt. 188",Poblacion,Guimba,Abra,Philippines,088-329-396,"(0905) 053-2479",Donnelly-Moore,konopelski.com,"Petroleum Pump System Operator",purple,2024-05-31,kaia67@simonis.com,xH3|f|/
9fa55e53-591c-3b83-8b96-995a86f834cb,Prof.,Toni,Flatley,"69/85 Konopelski Isle",Poblacion,"San Juan","Agusan del Sur",Philippines,993-779-527,"(0974) 828-5022","Kuhlman LLC",mertz.net,"Library Technician",yellow,2013-10-07,efeeney@hotmail.com,"tQ|jeZZ0Z<HKQ)M,"
0b9e3dd0-c9d8-34dc-abb8-ef414aafc4d8,Dr.,Porter,Emmerich,"41A/31 Jones Junction",Poblacion,Pintuyan,Aklan,Philippines,930-561-939,"(0974) 019-2481","Wyman and Sons",armstrong.com,"Political Scientist",white,1987-07-19,sterling.fritsch@yahoo.com,B#YdXU%O$4SdZ
ea389b76-0890-3789-b75a-f34a556e2a19,Dr.,Maymie,McClure,"18/67 Hamill Flats Suite 867",Poblacion,Dolores,Pampanga,Philippines,478-961-062,"+63 (942) 718-1002","Dietrich PLC",rice.biz,Spotters,maroon,1973-12-08,dorthy.mraz@bergnaum.net,V|KL1'0]Yhg
c169c560-855e-38db-ac7b-e776312ab6e6,Miss,Retta,Beier,"07A Runolfsson Glens Apt. 487",Poblacion,Alicia,Basilan,Philippines,479-975-121,"(0911) 327-2555","Nikolaus Ltd",steuber.com,Carver,fuchsia,1976-02-20,fbartell@ritchie.com,"_3N>]Aj?0\z(zy""Z;v"
44316410-878d-3c3a-ba60-018b1d09670a,Prof.,Giovani,Leannon,"96A/55 Lebsack Valleys Suite 320",Poblacion,Uson,"Surigao del Norte",Philippines,682-675-066,"+63 (998) 650-1744","Conn, Donnelly and Greenholt",zulauf.com,"Postal Service Mail Carrier",purple,2008-07-02,alaina97@gmail.com,KS{9?x&
b44b1a82-b017-35db-993d-d5a4f50427d4,Prof.,Citlalli,Krajcik,"90A Trantow Hill Apt. 775",Poblacion,"Santa Maria",Rizal,Philippines,769-169-229,"+63 (975) 624-9368","Kshlerin, Hahn and Lakin",yost.com,"Chemical Plant Operator",yellow,2019-09-28,conn.leann@yahoo.com,"G%I[O6}8c,06m@ny5v"
2d24f39f-c919-3873-b30d-580f2e235f5c,Dr.,Elna,Padberg,"24 Hyatt Path",Poblacion,Mansalay,"Davao del Sur",Philippines,556-849-851,"+63 (933) 883-4098","McClure Inc",hessel.biz,"Logging Equipment Operator",purple,2013-06-05,lisandro39@fay.com,CfQp(*:)yGR<;i}pr<8
40f6d704-889c-31b8-90ca-5a55afc30199,Dr.,Clare,Stroman,"22 Gibson Estate",Poblacion,"Puerto Galera",Cebu,Philippines,111-962-225,"+63 (915) 798-1861","Waelchi, Trantow and Schiller",heaney.net,"Fitness Trainer",yellow,2009-05-09,metz.gavin@hotmail.com,y`@f3W#sNqlgsIE.
8d152378-b7e2-30d7-beb8-9e970f291ef9,Prof.,Nestor,Kuhic,"45 Casper Run Apt. 987",Poblacion,Pozzorubio,"Camarines Norte",Philippines,173-538-126,"+63 (977) 728-3604",Grant-Moen,stiedemann.info,"Packaging Machine Operator",navy,1981-06-23,xlockman@hayes.com,=weYvq
d9f9b396-8662-3e03-8faf-9580678ef290,Prof.,Joelle,Larkin,"91A Marks Passage",Poblacion,"San Pascual","Northern Samar",Philippines,686-268-989,"+63 (923) 773-6519","Donnelly and Sons",donnelly.org,"Structural Metal Fabricator",white,2022-04-27,armand.dooley@schiller.com,_XJ/K>dQXS$7Z?dYL
900d2df8-339a-37ee-87d6-d3a16359a868,Miss,Urban,West,"73A/11 Hermiston Green",Poblacion,Libagon,Benguet,Philippines,487-871-285,"+63 (817) 832-3628","Kessler, Satterfield and Brakus",lockman.com,"Public Relations Specialist",blue,1981-02-21,yundt.abbie@okuneva.com,Lk@iLBbE71`}Ky`C19H
c457d88e-dfc1-3857-9d4f-6261a8723150,Prof.,Aubree,Kreiger,"83/10 Simonis Lakes",Poblacion,"San Jorge","Nueva Ecija",Philippines,727-377-340,"+63 (927) 375-5840","Batz PLC",bergstrom.com,Infantry,yellow,2002-06-19,beverly36@kuhlman.org,"]lgdm(9\M1`9S,+c74%A"
3ee62f0c-826a-3f20-9314-a7306db5cbba,Mr.,Clare,Davis,"64 Pfeffer Motorway Suite 285",Poblacion,Pasil,Camiguin,Philippines,969-381-486,"(0949) 644-3402","Morar LLC",lakin.com,"Career Counselor",black,2000-10-19,schowalter.haven@yahoo.com,FuEt8FvOsXcI}d@q%&*w
895644b5-1f7d-31da-a8bc-cd8a5a36a9de,Dr.,Maymie,Schimmel,"15/70 Parisian Station Apt. 364",Poblacion,Pudtol,Guimaras,Philippines,669-688-978,"(0911) 445-4418","Casper PLC",padberg.net,"Communication Equipment Repairer",white,1992-08-07,zena.dubuque@hotmail.com,"U7<bO.JQT)(v\"
b7fa402d-9125-31ce-87c1-18837e561079,Mr.,Evert,Bailey,"65/31 Denesik Union Apt. 596",Poblacion,Baco,"Sultan Kudarat",Philippines,060-072-863,"+63 (911) 379-3481","O'Conner, Miller and Nitzsche",nader.info,"Radar Technician",yellow,1988-02-12,bradtke.al@purdy.info,t+?D-5
5d870794-4298-3c85-94ea-d91724b6ba4d,Prof.,Reagan,Medhurst,"85A Huels Pass Suite 431",Poblacion,"Las Pi単as",Quezon,Philippines,464-932-619,"+63 (923) 676-1136","Kuhic PLC",schuppe.info,"Claims Adjuster",silver,2019-11-07,dangelo.prosacco@hotmail.com,5Ljt{QKlO#nS
298a5a72-9110-346b-920b-5d2860d96966,Mr.,Julio,Bergstrom,"48 Toy Dale Suite 269",Poblacion,Alaminos,"Zamboanga Sibugay",Philippines,146-513-555,"+63 (909) 430-1623","Brakus, Gottlieb and Goldner",kutch.com,Prosthodontist,purple,2018-02-18,beahan.cortez@kreiger.biz,"Xk,nhPHh\lx"
b7ef75c9-8910-3db8-b754-6ef911060543,Dr.,Isabell,Gaylord,"98A Yost Square",Poblacion,Amlan,"Misamis Oriental",Philippines,580-391-134,"+63 (906) 009-0986",Johns-Dickinson,wolf.com,Home,green,1986-09-21,shanie.pfannerstill@goyette.info,SwvsD~=:**/L^
9a364360-dada-3711-8a34-b7d5982093d8,Prof.,Roselyn,Kutch,"85/22 Effertz Mountain Apt. 713",Poblacion,Naic,"Compostela Valley",Philippines,479-386-328,"+63 (931) 981-1009","Bradtke, McLaughlin and Goldner",hintz.com,Brickmason,maroon,2015-06-27,sipes.reynold@yahoo.com,h2A_&+$DbTnV'5/zy.
100462f1-1527-3e3f-8dd7-4630fc1d6bbd,Dr.,Rico,Jones,"67 Ondricka Points",Poblacion,Tubod,"Surigao del Sur",Philippines,515-391-240,"+63 (942) 714-2163",Bins-Johnson,windler.biz,"Biological Science Teacher",olive,2001-07-15,camron.muller@sporer.com,[2hMGFJJFThIbs*
25afda32-a862-3392-a6ef-928e9c0beaac,Dr.,Jack,Steuber,"51/96 Howe Mount Suite 149",Poblacion,Ibajay,Guimaras,Philippines,375-934-361,"(0980) 311-2671","Wilkinson Inc",kautzer.com,"Recreational Vehicle Service Technician",lime,2007-09-25,hettinger.blaze@hotmail.com,y:REYL02D;}
7f4b0d82-d4ce-38e1-9bc6-c8b429733fc3,Dr.,Cullen,Kerluke,"58A Nienow Station",Poblacion,Marilao,Zambales,Philippines,994-681-203,"(0929) 783-2035","Stoltenberg PLC",gottlieb.net,"System Administrator",gray,1979-08-04,nhartmann@yahoo.com,"\1MiXh6A!N_"
f9c7f4ab-bdde-38a3-be83-6ad482dd9720,Mr.,Stevie,Parker,"17A Osinski Course",Poblacion,Anahawan,Quirino,Philippines,347-131-813,"(0994) 838-5715","Mraz LLC",pouros.com,"Child Care Worker",maroon,1989-10-29,hipolito88@murray.biz,47qq4v#}
2e0caa81-9cf9-3262-b5ba-b9df505cbf30,Mrs.,Tyra,Kutch,"32 Jacobi Skyway Apt. 273",Poblacion,Naguilian,Ifugao,Philippines,344-286-215,"+63 (926) 415-1814","Denesik, Medhurst and Shields",haag.org,"Medical Assistant",gray,2009-03-25,wehner.jasmin@monahan.info,K|^)fw
4b9ed2b2-7364-333a-bf80-2d8d96ea72cf,Prof.,Karl,Jaskolski,"37/40 Carroll Forks",Poblacion,Asingan,"Metro Manila",Philippines,861-050-001,"(0994) 898-6694","Friesen LLC",ernser.net,"Advertising Manager OR Promotions Manager",navy,1998-06-22,obode@klein.com,"h.K2j+Dtg!%rLHPjsX8\"
b2824872-e8ce-3a04-b135-b838382d1346,Mr.,Hermina,Anderson,"64/61 Lemke Port",Poblacion,Bauan,Iloilo,Philippines,137-593-578,"+63 (908) 055-2306","Kreiger Inc",kovacek.net,"Preschool Teacher",olive,2022-07-29,savanna.funk@gmail.com,?MrTx(1EyN#Z
ade847c4-07da-35ce-930b-9029a1f8c01d,Mr.,Courtney,Hickle,"92A Kunze Street",Poblacion,Alfonso,"Nueva Vizcaya",Philippines,806-653-072,"+63 (919) 293-0309","Schmitt, Zboncak and Schmidt",reynolds.org,"Agricultural Technician",fuchsia,1983-04-14,mina.anderson@hotmail.com,Aa&5d#zp<~d705U
deac2768-046d-39c5-96c6-8b97b172ccbe,Mr.,Earlene,Batz,"40 Kub Via",Poblacion,Rosario,Biliran,Philippines,280-849-443,"(0932) 229-9297",Dooley-Volkman,spinka.info,"Computer-Controlled Machine Tool Operator",maroon,2021-04-16,rcollins@hotmail.com,"yQG5,6w1&rE"
e795cc6a-abf2-3542-9645-0c42b22b5b48,Miss,Luna,Marks,"43A/75 Lubowitz Stravenue",Poblacion,Agutaya,"Agusan del Norte",Philippines,070-794-913,"(0925) 840-3558","Nikolaus PLC",flatley.com,"Private Household Cook",maroon,1976-12-30,conn.erik@gutkowski.com,?7=9k5<
69dc7406-7073-3217-9ecb-b859cdcf6f45,Dr.,Aileen,Gorczany,"24A Mills Squares",Poblacion,Pontevedra,"Agusan del Sur",Philippines,309-733-499,"+63 (933) 893-3714","Jacobson Group",schneider.com,"Sales Representative",teal,1970-12-06,marian65@hotmail.com,--YK57<r(ZfZY~I2#c
e37c9008-d5bd-398e-b77c-b80b5ff403bd,Mr.,Matilde,Hand,"99A/46 Metz Flat Suite 854",Poblacion,Linamon,Samar,Philippines,147-823-941,"(0925) 663-7211","Hoppe, Schultz and Cremin",brakus.com,"Compliance Officers",gray,2022-03-19,drew98@gmail.com,"`YAU\Qn"
164212d1-8c8f-3ddf-ba63-b791af546a60,Ms.,Nadia,Brakus,"61 Ritchie Shore Suite 601",Poblacion,Pilar,"Surigao del Sur",Philippines,349-737-077,"(0911) 558-9546",Buckridge-Pfannerstill,beer.net,Anthropologist,lime,1979-03-09,dawn72@hotmail.com,)O(ii?uukUGEc
60eda688-9527-3009-be9c-d7f4603e74da,Mrs.,Mac,Fisher,"99A/52 Frami Walk",Poblacion,"Datu Salibo","Negros Oriental",Philippines,450-083-460,"+63 (994) 770-3288",Toy-Corkery,tremblay.org,"Conservation Scientist",teal,2017-11-23,iullrich@yahoo.com,xhEC9RM`b4Or'GouS%W
ec2daaac-499f-366e-bec5-5a2f9dbccd9c,Mr.,Kyleigh,Schaefer,"18/77 White Locks Suite 879",Poblacion,"Padre Burgos",Abra,Philippines,517-873-771,"(0971) 340-6603","Lynch Group",lang.info,Heaters,black,2012-07-21,alexandrine83@stroman.biz,"cD:c40z$1?\J|fMTNGv4"
c2e40dc5-4cbb-32b6-b564-2da5f5d20c84,Dr.,Annie,Gleason,"46A/90 Kuhlman Brooks Suite 135",Poblacion,Taraka,"Camarines Sur",Philippines,678-080-516,"+63 (925) 108-9980","Parisian Ltd",rice.com,"Electrical Engineering Technician",yellow,1996-10-28,una.lowe@jast.com,"N$KBrKVp<T,k"
636f25f8-7623-31b4-8cac-56fd65336702,Mr.,Gus,Nienow,"67A/18 Cartwright Meadows Apt. 208",Poblacion,Pototan,"Metro Manila",Philippines,687-735-774,"+63 (947) 742-0284","Lebsack and Sons",kling.com,"Explosives Expert",teal,1971-04-16,xokuneva@hotmail.com,aiB->zA93cUw7~]J6.mz
7f06151b-772a-3253-b59b-af0fbf3680bb,Mr.,Geovanni,Kling,"36/83 Sporer Villages",Poblacion,Sudipen,"Davao del Norte",Philippines,049-089-940,"(0922) 727-8144","Fritsch Ltd",goldner.org,Maid,black,1981-03-27,benjamin.upton@gmail.com,?qnsHMA)_#LAd
c563ffce-5471-3e50-9a1e-d9dd8b4a6853,Miss,Kiel,Koch,"99 Marvin Point Apt. 883",Poblacion,Pavia,"Davao del Sur",Philippines,854-816-529,"(0813) 045-8786","Kuvalis Ltd",donnelly.org,"Electric Motor Repairer",olive,2008-10-16,lysanne81@treutel.com,^J?TD-@k
a87b0093-c150-3d33-9a6f-dcf0e4f9a934,Miss,Charlotte,Ondricka,"05A/34 Botsford Ports",Poblacion,"San Guillermo",Bukidnon,Philippines,894-542-213,"(0906) 572-7581","Von and Sons",trantow.com,"Network Systems Analyst",fuchsia,1984-04-24,don.kozey@flatley.net,"_hgxL-u~,"
b8cf7269-1c67-3f48-a41c-7c8d5dbd093b,Prof.,Pattie,Crooks,"72A/72 Waters Unions",Poblacion,Hinatuan,Quirino,Philippines,202-067-952,"(0997) 932-7816","Howe, Vandervort and Satterfield",damore.net,"Aircraft Engine Specialist",lime,2014-07-08,jarrett.conroy@gmail.com,"^cp\-4pqt4X"
63c03904-0c66-36bb-a426-63d965fb0605,Prof.,Myrtice,Collier,"12A/89 Thiel Haven",Poblacion,Banna,Benguet,Philippines,537-067-712,"+63 (912) 002-8834","Emard and Sons",kunze.com,"Sales Manager",olive,2012-11-12,greenfelder.lulu@gmail.com,%1>A!){YB^.c
e1dc1c2c-ca10-34e2-b183-4836f9da19b0,Ms.,Misael,Smith,"83 Johnston Parkways",Poblacion,Simunul,Albay,Philippines,179-684-912,"(0949) 714-4825","Dicki, Mann and Simonis",stoltenberg.net,"Algorithm Developer",olive,1990-11-29,aniya58@yahoo.com,-`IO#<-;[H`1
dd92663d-5be2-3e83-b765-ec6e4210421a,Dr.,Tia,O'Conner,"52A Feest Skyway",Poblacion,Polillo,Guimaras,Philippines,167-751-253,"+63 (921) 813-0365","Wunsch, Wilkinson and Mills",haley.com,"Tool Sharpener",white,1989-06-10,kyle57@dickens.com,#!wVR_rC)m
637e40da-6464-3ce4-b6f0-cc254de85f31,Dr.,Carole,Gutmann,"22A Schoen Lodge",Poblacion,Numancia,Samar,Philippines,723-376-364,"+63 (999) 097-7337",Flatley-Ebert,purdy.com,"Maintenance and Repair Worker",olive,1988-09-15,beier.maida@yahoo.com,w^l^lv[
984f4dfb-fa4e-3bb3-991a-72b24227d367,Prof.,Lavada,Ruecker,"32A Heller Spur",Poblacion,"Cabadbaran City",Capiz,Philippines,006-045-211,"(0977) 313-1064","Terry PLC",reilly.com,Roofer,maroon,1994-06-04,schimmel.jed@hotmail.com,B1?Vg|42%V%Cd@G!-h|x
af234fee-5bb1-30b3-a60a-a7b4fcfbfc6f,Miss,Beth,Dicki,"79A Leffler Harbor Apt. 899",Poblacion,"San Juan",Cotabato,Philippines,668-784-407,"+63 (910) 531-2061","Bartoletti Group",borer.com,"Respiratory Therapy Technician",silver,1980-09-30,fschumm@yahoo.com,O0akg#0Uu
00ccccee-7499-32c8-ad47-1222c0233a94,Prof.,Luis,Osinski,"96A Muller Ports Apt. 670",Poblacion,"Lucena City","Mountain Province",Philippines,107-080-056,"(0905) 631-5507",Dietrich-Donnelly,mills.com,"Waste Treatment Plant Operator",yellow,1971-05-25,stark.randal@gmail.com,$PnX[uJebw`
27a965ab-ddb6-3794-b300-296cbb961029,Miss,Aubrey,Kilback,"24/26 Vandervort Meadow",Poblacion,Tubay,Albay,Philippines,892-890-063,"(0817) 920-1174","Brakus and Sons",kling.org,Upholsterer,gray,2000-12-11,hilma38@mayer.biz,yJoO+#B
dbeee318-9b16-3587-ab04-42b1d00cb515,Miss,Onie,Monahan,"55A D'Amore Mill Apt. 474",Poblacion,"Datu Abdullah Sangki",Abra,Philippines,809-986-335,"(0979) 561-8391","Roob, Cummerata and Miller",adams.com,"Preschool Education Administrators",lime,1992-04-22,creola.koch@hamill.com,"l.,'A>[A>.sl[~9^@l"
a6995792-1896-3db0-bb6e-f2e0f2a59c84,Prof.,Presley,Murray,"76/44 Reilly Views",Poblacion,Burgos,"Davao Oriental",Philippines,445-182-105,"+63 (932) 482-9220",Cremin-McCullough,konopelski.com,"Postal Clerk",gray,2005-12-14,mertz.kaela@herzog.info,1TL$904ApMg=
1b4d1b81-3b10-3e17-a642-70a855594927,Miss,Jermain,Orn,"43 Kshlerin Glens Apt. 218",Poblacion,Aloguinsan,"Camarines Norte",Philippines,991-857-095,"+63 (919) 000-2993","Ryan and Sons",trantow.com,"Computer Software Engineer",yellow,2013-09-22,camylle39@yahoo.com,"+&r)o""En2h$"
c6363861-2d37-3405-b5ad-6ac6f255ce03,Mrs.,Johathan,Osinski,"89A/94 Pollich Passage",Poblacion,Macrohon,Batangas,Philippines,044-977-063,"(0977) 824-9994",Lesch-Brown,kris.net,"Gluing Machine Operator",purple,2015-06-24,fleta32@lemke.net,HSEnYx?
973f19fb-4bb0-3b34-9de3-527f4d3e8998,Mrs.,Krista,Balistreri,"15 Bruen Lock",Poblacion,"Tabaco City",Kalinga,Philippines,741-611-632,"(0943) 536-2109","Hane, Wisoky and Hammes",feest.biz,"Purchasing Agent",teal,2006-10-25,gorczany.aaron@schaden.com,rU[FU~oc^
b6f4823c-3279-35d8-8a9d-73f2d42d3fd7,Prof.,Cora,Schaefer,"83 Crooks Curve",Poblacion,Panukulan,"Camarines Sur",Philippines,659-574-484,"+63 (994) 282-4137",Donnelly-Wilderman,quitzon.com,"Machinery Maintenance",navy,2020-10-07,taya93@yahoo.com,[1cY>%gq
65fc4f92-d26c-31d6-93b4-9c25e16c65cc,Prof.,Stephany,Bahringer,"33 Pollich Curve",Poblacion,"San Nicolas",Iloilo,Philippines,747-828-484,"(0979) 621-4205","Conn, Gulgowski and Moore",zieme.com,"Automotive Glass Installers",yellow,1996-06-16,angelina41@gmail.com,~)x7;)+pHSsX^h22fwW<
95152c0e-7d01-3cdb-874a-f263aeb822c8,Prof.,Josianne,Pouros,"31/95 O'Conner Lodge Apt. 297",Poblacion,"Santa Praxedes",Zambales,Philippines,068-278-596,"+63 (907) 227-9055","Quigley PLC",baumbach.net,"Production Helper",olive,2000-06-05,tressa.bergstrom@gmail.com,4J^kL[
c467c6cf-8bfc-3fcc-8b09-74b36d46fa7e,Prof.,Fred,Kozey,"57A Morissette Circles Suite 980",Poblacion,Villaba,Aurora,Philippines,752-701-460,"(0925) 339-7723","Roberts LLC",beatty.info,"Timing Device Assemblers",aqua,2017-10-18,rae19@yahoo.com,B5s/=/j!&hDIIP]?*
b54fd6e0-c01a-32bb-964d-c984c351e4c3,Dr.,Antonietta,Cormier,"20A West Garden",Poblacion,Calbiga,Antique,Philippines,853-014-316,"+63 (980) 421-3943","Veum Ltd",willms.com,"Engineering Teacher",gray,2016-04-19,hattie64@wintheiser.net,"Yt9A]Ma,s(.Ar4:4*Ci;"
fe7b945a-a122-3bcc-855c-d4231e586b6d,Dr.,Evangeline,Hoppe,"22 Wintheiser Roads Suite 348",Poblacion,Minglanilla,"Southern Leyte",Philippines,945-043-532,"+63 (925) 812-4636",Heller-Murray,schmitt.net,"Farm Equipment Mechanic",lime,1978-08-25,mbrakus@mayer.biz,#K4bYD9'obO^Nh]`
67439610-9fd0-3cb7-8cce-116bc55dc31d,Mr.,Jayce,Schoen,"88/99 Schaefer Plain",Poblacion,"San Ricardo",Sarangani,Philippines,853-810-426,"(0919) 514-2432","Gerhold Inc",predovic.info,"Creative Writer",purple,1999-11-28,flavie.ernser@yahoo.com,"VWJWK7(,N<Ex2gf"
979658bf-4577-3d5b-aed5-8ce8820cb4c6,Prof.,Jaydon,Stroman,"64 Rempel Trail",Poblacion,Marilao,Antique,Philippines,217-467-544,"+63 (928) 847-5854",Dooley-Lebsack,kassulke.org,"Stock Clerk",navy,1990-08-01,dina.kertzmann@hotmail.com,ojOi)B--(
25bcd797-0af6-3024-b9ea-b4ea7abaee0a,Mrs.,Adonis,Witting,"73A O'Kon Inlet Apt. 235",Poblacion,"Kalingalan Caluang",Iloilo,Philippines,704-408-884,"+63 (932) 886-9243","Kiehn PLC",powlowski.com,"Vice President Of Marketing",navy,1975-04-01,anita86@hotmail.com,iE%_EBw|V3M4W
42354b18-edf6-3974-b596-f28dcf3febc1,Mr.,Christian,Crooks,"70A/72 Considine Extension Suite 515",Poblacion,Currimao,Bulacan,Philippines,354-943-964,"(0934) 265-8110","Hodkiewicz, Hoeger and Wilkinson",dickinson.biz,"Shoe and Leather Repairer",yellow,1999-08-02,marie72@oberbrunner.com,"eO<8""9GE*>_2l^93"
5baf84a1-707f-366e-90e7-9c7f05556b05,Mr.,Esteban,Nader,"26 Weimann Underpass",Poblacion,"Tacurong City",Capiz,Philippines,580-720-299,"+63 (949) 855-9576","Altenwerth, Okuneva and Parker",gerlach.com,"Radiologic Technician",gray,2010-01-28,glenda36@boyer.com,u~&'%_H
0b52bbcd-cba6-3554-a9e9-b183ace6d2c3,Ms.,Thurman,Krajcik,"68 Streich Isle Suite 655",Poblacion,Uson,"Compostela Valley",Philippines,184-023-049,"(0915) 523-0091","Bayer, Jerde and Barton",murazik.info,"Mechanical Drafter",black,2019-12-18,eliane87@gmail.com,i`9-Xr'2w'qC$]ezvm
b8d9943f-f09f-3bde-8078-d222939860da,Prof.,Isadore,Heaney,"16A Parisian Valley Apt. 208",Poblacion,Tinglayan,"Lanao del Norte",Philippines,495-389-139,"+63 (939) 961-8302",Huel-Rowe,mitchell.biz,"Director Religious Activities",fuchsia,1977-08-11,austyn.kihn@gmail.com,h7&O:5Y
bb78169a-eecf-3ec0-8f99-29715bfab3ca,Mr.,Macey,Bogisich,"28/50 Baumbach Streets",Poblacion,Gabaldon,Aurora,Philippines,386-266-042,"+63 (920) 939-0832","Schaefer and Sons",gleason.com,"Probation Officers and Correctional Treatment Specialist",lime,2001-11-26,owaelchi@gmail.com,"S_\@szf!9Z(B"
b91eb92d-141d-3ab1-a55b-dfda39b2a2e5,Mrs.,Savanah,West,"89A Goldner Common",Poblacion,"San Guillermo",Marinduque,Philippines,592-789-566,"+63 (943) 576-2798",Gleason-Blanda,schiller.com,"Supervisor of Police",gray,1975-10-20,oberbrunner.derrick@hotmail.com,YJ.L>&uMC(
3ad724e3-2d86-32ac-b080-1d093821f84a,Prof.,Lucile,Auer,"09A Krajcik Court",Poblacion,Sallapadan,Albay,Philippines,397-702-131,"(0971) 207-5676",Murazik-Haley,hane.info,"Computer Software Engineer",teal,1973-08-16,fbins@hotmail.com,"'f\\rU-@/"
b0481a6c-08b5-38fb-a57c-ca949473bc05,Dr.,Jayden,McClure,"48/26 Sauer Forks Apt. 199",Poblacion,Lucban,Zambales,Philippines,967-597-613,"+63 (921) 076-5930",Kunze-Torp,osinski.info,Architect,black,1999-12-31,mary98@yahoo.com,"puBfS|,"
e998a6d6-19e6-3d25-9ae0-0b11507c75ae,Miss,Coralie,D'Amore,"34 McClure Isle Apt. 093",Poblacion,"San Juan","Dinagat Islands",Philippines,730-689-619,"(0905) 523-1294","Moen LLC",collier.org,"Screen Printing Machine Operator",fuchsia,1980-08-11,rohan.liliana@hotmail.com,X(IZ%9Dc%
d99e583a-02cf-36b4-b001-802b2879193b,Dr.,Helena,Cummerata,"42A Oberbrunner Spring",Poblacion,Irosin,"Metro Manila",Philippines,076-619-303,"+63 (915) 755-7702","Ritchie, Schmidt and Reinger",koss.com,"Engineering Technician",white,1999-10-04,evans20@yahoo.com,`U0gYOV]=2
7d4fc4cc-6f64-3da6-955e-7623c2ac8430,Mr.,Breana,Ullrich,"48/72 Christiansen Circle Suite 815",Poblacion,Binidayan,"Ilocos Sur",Philippines,298-656-569,"(0912) 747-1392","Wuckert and Sons",green.com,"Human Resources Assistant",yellow,1970-09-23,delia.olson@hotmail.com,"c[G[M7\mA9MR4u%"
abd9901f-ce92-398e-bd1a-63980b9dfcc2,Dr.,Idell,Schmidt,"91A Leannon Road Suite 846",Poblacion,Cabatuan,Cagayan,Philippines,985-249-981,"+63 (977) 852-0191","Hills, Bailey and Wolf",larkin.net,"Septic Tank Servicer",aqua,2009-04-26,nkirlin@yahoo.com,"`(,_:TmhX8TmxETQ3m;"
f3785167-01c9-3527-bd0a-e1d99adc46e6,Prof.,Roma,Leuschke,"11A Torphy Prairie",Poblacion,Buldon,Maguindanao,Philippines,986-073-173,"(0920) 134-7449",Corwin-Hane,quigley.com,"Pharmaceutical Sales Representative",teal,2014-12-10,maverick07@bartell.com,"wW_hTbA;U5`n70%\"
bcd6cef0-6387-363f-9f7b-06d4036e8ee8,Prof.,Alejandrin,Powlowski,"05A Stoltenberg Streets Suite 466",Poblacion,Carles,"Dinagat Islands",Philippines,175-560-739,"(0927) 502-1481",Gleichner-Little,gulgowski.com,"Visual Designer",aqua,1984-12-27,ubashirian@yundt.biz,"PQ"",MS|TomY"
8fde7029-f213-3210-a23f-18ff72133425,Mrs.,Dylan,Bernier,"70/20 Nikolaus Mills",Poblacion,Aparri,Marinduque,Philippines,268-915-459,"(0926) 274-5093",Cartwright-Nitzsche,turner.info,"Food Scientists and Technologist",lime,1977-12-22,amari.welch@gmail.com,ORHLBvbg>[6g[lJ
ceb594a4-5c87-32c1-b70a-3b943204855a,Ms.,Hillard,Kautzer,"65A Lynch Port",Poblacion,"Danao City",Tawi-Tawi,Philippines,333-450-408,"(0922) 912-9895","O'Conner, Goyette and Parker",treutel.org,"Electronics Engineer",white,1974-05-02,jermaine.ratke@hotmail.com,`wZevg+
c9fdc78c-1ef6-3255-a5e0-be1c33d10af9,Prof.,Penelope,Toy,"59 White Cliff Suite 717",Poblacion,Batuan,Catanduanes,Philippines,414-032-335,"+63 (813) 307-7136","Kovacek and Sons",labadie.org,"Poultry Cutter",navy,1983-02-02,roosevelt.ortiz@hotmail.com,P<2){)Q7%ode9'ajbc
7ad1685c-5b53-3e4c-956b-6d8aeed344c3,Prof.,Reina,Christiansen,"39A/40 Bashirian Square",Poblacion,Bongabong,Antique,Philippines,897-066-607,"(0908) 330-9761","Nienow, Kunde and Simonis",roberts.com,"Short Order Cook",gray,1992-12-22,tmosciski@mckenzie.com,5(u&wgoX
d2bf79f1-1282-3bef-891b-e451d6447216,Prof.,Modesta,Torphy,"44/62 Miller Points Apt. 394",Poblacion,"San Miguel","Camarines Norte",Philippines,856-166-633,"+63 (979) 979-8540","Keeling LLC",vandervort.com,"Marine Engineer",navy,1991-03-15,bulah.weber@ratke.com,mV{6=GTe[t$t5t>#
4c1ac64f-efee-380e-a732-6dd26b0b89f3,Prof.,Maggie,Medhurst,"35A Tromp Bypass Apt. 598",Poblacion,Burgos,Isabela,Philippines,347-378-967,"+63 (934) 519-4418","Bednar Group",harris.net,Prosthodontist,white,2013-03-19,alexane.kutch@moore.com,U}CL5/8?8
34dd169f-a5bd-347b-9c40-ea50fe95f836,Mrs.,Lyric,Kihn,"13/40 Reilly Park Suite 122",Poblacion,"San Jose",Capiz,Philippines,158-944-763,"(0999) 116-4737","Beer, Sauer and Powlowski",toy.biz,"Social Science Research Assistant",silver,1994-05-25,clifton.flatley@treutel.info,8H_i7QK
126656e3-1928-3159-bbb1-fe027a2b29ec,Prof.,Darrin,Hauck,"15A Kihn Stream",Poblacion,Santander,"Davao Oriental",Philippines,482-400-242,"(0994) 615-5598","Bradtke Group",kiehn.com,Judge,green,2001-08-23,irwin.lebsack@gmail.com,FmbfnsSuB}vCU
a4982deb-6415-354d-9eff-8fd606eb84b6,Ms.,Glenda,Schuster,"22A Bogisich Trafficway",Poblacion,Bagamanoc,Sorsogon,Philippines,600-380-196,"(0906) 959-0880","Osinski, Orn and Mraz",doyle.com,"Director Of Talent Acquisition",black,2022-11-03,damian90@gmail.com,ka3LM&[w$J(;U-{4P
ca506d99-6351-3d9c-9f4d-a0cc10ab51be,Miss,Joe,Stoltenberg,"53/73 Kovacek Orchard Apt. 667",Poblacion,Bulacan,Guimaras,Philippines,731-620-227,"+63 (912) 076-9747",Hilpert-Blanda,casper.biz,"Web Developer",purple,2006-10-13,berenice11@yahoo.com,"8X[*-6F;""k"
49dec765-0bbc-38b2-bea9-dc36235bba01,Dr.,Aniyah,Ward,"74/53 Gottlieb Neck",Poblacion,Basud,Siquijor,Philippines,177-813-779,"+63 (943) 813-2223",Larson-Block,dach.com,Rigger,purple,1975-10-20,stroman.alene@yahoo.com,Hh#24:r&q-v[sRYwt
d0ec0985-46fd-3a52-8935-0755da4f8c83,Prof.,Damion,Cole,"08A Kihn Curve Apt. 881",Poblacion,Mahayag,Laguna,Philippines,513-886-062,"+63 (905) 588-2171","Kassulke, Jast and Bartoletti",ratke.com,"Postsecondary Teacher",olive,1978-06-19,pansy.koepp@bogan.com,-trO?/
674fb55f-0989-3727-9bb8-9030db3699c6,Prof.,Giuseppe,West,"87 VonRueden Spur Apt. 611",Poblacion,Gigaquit,"Mountain Province",Philippines,418-456-514,"(0949) 859-6517","Mohr, Volkman and Carroll",huel.com,"Gaming Service Worker",black,2001-01-14,cummerata.lucas@hoeger.biz,s%VH%/Jv)=S
2af5674e-844f-3842-8a21-08fcd1d2d09a,Prof.,Gina,Hayes,"80/65 Willms Spring Apt. 559",Poblacion,Tunga,Iloilo,Philippines,930-409-880,"(0912) 417-6804","Bogisich LLC",welch.com,"Orthotist OR Prosthetist",purple,2013-09-18,furman28@brown.net,8Nj#P?jz3^
d1224a1b-2e18-31d4-9e4c-c0cf3158fcce,Mr.,Etha,Gusikowski,"94A/08 Beatty Curve Apt. 003",Poblacion,Sumisip,"Lanao del Norte",Philippines,304-730-741,"+63 (979) 855-4720","Willms, Kemmer and Waters",terry.com,"Scientific Photographer",blue,2020-12-15,jhoppe@hotmail.com,x=<PL4O)OU08aJ
c55a42fb-4bd9-33ae-b53d-586286b729da,Prof.,Lessie,Haag,"35A/59 Larkin Canyon Suite 713",Poblacion,Tudela,Abra,Philippines,550-432-900,"+63 (908) 202-9245",Cummerata-Schoen,shields.org,"Sales Manager",navy,1977-07-25,hfisher@schimmel.biz,"w.""e/V3/pQ-Q<UU40mI"
6a9f401b-21ac-358d-995b-b1c7a54cd901,Mr.,Erik,Cassin,"80/94 Hessel Cliffs Suite 490",Poblacion,Samal,"Camarines Norte",Philippines,216-129-854,"+63 (929) 873-4095",Hoeger-Hills,franecki.biz,Stevedore,black,1971-10-25,hblick@yahoo.com,"%\QIHr7Y1GUBoM^"
f5e715c6-c0ea-30ab-9dd6-4c3150e356e9,Mrs.,Kobe,Blick,"25/82 Predovic Island",Poblacion,Can-avid,"Surigao del Norte",Philippines,415-950-413,"(0942) 069-9624",Heaney-Ernser,harvey.org,"Cardiovascular Technologist",black,1973-02-04,lyla.prosacco@hotmail.com,j$Kya8dm
dce775fb-7ba0-3b76-b8b9-72638e8ccbac,Dr.,Sandrine,Schroeder,"83/43 Littel Manor",Poblacion,"San Antonio",Batanes,Philippines,294-545-327,"(0949) 882-6339",Hahn-Shields,simonis.com,"Computer Software Engineer",purple,2015-07-04,jovanny62@cummings.com,xc]#QV8sM`%F%H<]g:;
7812f425-6001-3587-8b42-963db322c447,Dr.,Carmine,Welch,"80/67 Purdy Course",Poblacion,Ibajay,"Nueva Ecija",Philippines,867-432-837,"(0937) 817-8354",Hessel-Dietrich,roob.com,"Securities Sales Agent",black,1980-06-28,breana.abbott@gmail.com,"M?!~y4|BemEx%ob\"
949c9c24-140f-38b8-acba-0786dabdf570,Prof.,Halie,Hessel,"58/68 Shanahan Underpass",Poblacion,Binuangan,"Ilocos Norte",Philippines,305-888-790,"+63 (817) 051-6970","Labadie, Schamberger and Schowalter",kautzer.com,"Soldering Machine Setter",purple,2020-05-15,armstrong.gianni@bergstrom.com,wlT!{p_P`|M|m
a5e3c6cc-15a5-3124-8d21-d9d7416f9af1,Dr.,Shyanne,Orn,"41A/38 Heidenreich Row Suite 674",Poblacion,"San Carlos City","Sultan Kudarat",Philippines,915-719-877,"+63 (907) 606-6127",Bradtke-Stark,schumm.com,"Computer Support Specialist",blue,2017-06-07,cremin.dena@oconner.com,?k_Dmd9=9
2034c323-c751-3034-a0cc-7c19af50bfa6,Mr.,Freddie,Watsica,"56A Hettinger Lodge Suite 894",Poblacion,Rosario,Guimaras,Philippines,491-359-103,"+63 (911) 495-3795","Lemke, Howe and Nicolas",padberg.com,"Refrigeration Mechanic",lime,2006-08-27,dibbert.germaine@runolfsdottir.info,~o_/vGrQoLeW;
65d8d468-fb59-365b-9579-ebe9c9d49b00,Dr.,Amely,Block,"46A/91 Gerlach Mountains",Poblacion,Pototan,Abra,Philippines,096-682-978,"+63 (947) 049-3123","Gulgowski, Kuhlman and Nienow",okeefe.com,Boilermaker,gray,2010-04-21,qlang@hermiston.com,"HrPJyC_&t5\FoWw)a"
22890e51-a8f7-37bd-bf63-f43348327f32,Prof.,Jacynthe,Larkin,"36 Boehm Well Suite 961",Poblacion,Carmen,"Surigao del Sur",Philippines,653-246-673,"+63 (947) 447-9063","Koelpin PLC",robel.biz,"Entertainment Attendant",olive,2005-05-08,vdenesik@yahoo.com,CEETxWy
453c1938-f930-358d-9cfe-254ef693d60b,Prof.,Liliane,Olson,"97/74 O'Kon Mountain",Poblacion,Biliran,"La Union",Philippines,209-769-234,"(0999) 164-5983",Abernathy-Heaney,lynch.org,"Communication Equipment Worker",fuchsia,1973-01-17,witting.lorenza@gmail.com,9>yJ@s'i:QJB
cd2cc346-0493-3358-a9b9-726198c28670,Miss,Alvera,Satterfield,"26/66 Roob Lake Suite 527",Poblacion,Oslob,Romblon,Philippines,861-952-771,"+63 (910) 075-2906","Windler, Heller and Mayer",rosenbaum.com,"Security Systems Installer OR Fire Alarm Systems Installer",black,1977-02-20,uauer@schroeder.com,0CJET%|^/H2S9vw.
2e200e2f-c0c2-3985-b1c9-84cc0c99ee85,Dr.,Mackenzie,Morar,"52/32 Grimes Way Apt. 988",Poblacion,Bacolor,Bataan,Philippines,786-686-778,"(0915) 051-1601","Predovic, Yundt and Stokes",keeling.biz,"Police and Sheriffs Patrol Officer",white,2008-07-25,adrienne.oberbrunner@yahoo.com,'O7JkA@ty17WqQC@cr
d2e9bd21-fb86-36ce-afc9-90d25f19b33e,Ms.,Emelie,Jakubowski,"73/47 Huel Station Apt. 835",Poblacion,"Santa Cruz",Sarangani,Philippines,448-837-528,"(0980) 203-9427","Jacobson Group",gottlieb.info,"Athletic Trainer",fuchsia,1976-10-25,rozella71@gmail.com,m'UeJHHoi54L;WV<-N^S
a2056dd3-a75d-35e1-a31c-fdeee5dd21c4,Dr.,Priscilla,Larson,"54A/74 Legros Streets Apt. 709",Poblacion,"Padre Burgos","Davao Oriental",Philippines,280-653-814,"(0949) 970-4634","Welch Group",runolfsson.org,"Elementary and Secondary School Administrators",lime,2016-06-23,jedediah.rolfson@gmail.com,;KfIlHH7
b44278c3-de8f-35b6-ab6d-69df71dd8a1c,Dr.,Maverick,Thompson,"90 Crona Field Suite 771",Poblacion,Nabunturan,Catanduanes,Philippines,802-176-321,"+63 (971) 863-6430",Corwin-Koelpin,toy.com,"Private Detective and Investigator",blue,1983-10-20,schmidt.penelope@bradtke.com,J0|Dk1Mw(A'P
01798285-fd93-3e0a-83db-1c1db49e75ee,Dr.,Abbie,McDermott,"38 D'Amore Drives",Poblacion,"Iriga City","Oriental Mindoro",Philippines,647-375-612,"+63 (911) 015-6920",Kreiger-Daniel,anderson.com,Physicist,silver,1971-04-25,shoppe@sauer.org,.P?sHdoo;M
2fbf0441-ae7d-3520-93c9-5eeac886b1dc,Mr.,Emilia,Reichert,"30 Yost Pines Apt. 368",Poblacion,"Bayugan City",Benguet,Philippines,304-044-761,"+63 (979) 269-3540","Wilderman, Adams and Rau",mertz.biz,"Management Analyst",silver,1977-12-02,lgrady@yahoo.com,"2UB]""zs_:Sw"
6924d6cb-e796-3525-a698-0422ec16f02e,Prof.,Colin,Hagenes,"26/17 Bernhard Avenue Suite 362",Poblacion,Tambulig,"Nueva Ecija",Philippines,235-251-896,"+63 (910) 177-5419",Conn-Nader,walsh.com,"Database Manager",blue,1980-02-04,tlehner@kessler.com,pWKaDi
dc529b69-61e1-32c6-8357-f4b9985bfd19,Dr.,Rodger,Bayer,"61/93 Gulgowski Dale Apt. 263",Poblacion,"Antipolo City","Davao del Sur",Philippines,071-295-926,"+63 (989) 123-4259",Koepp-Jenkins,reinger.com,"Timing Device Assemblers",white,2008-08-28,delbert84@abernathy.biz,/Wa>mUj77i+q
b97e8b0f-91dd-334f-8516-968866ec0f88,Dr.,Terrill,Shields,"66/71 Jenkins Skyway Apt. 675",Poblacion,Pambujan,Apayao,Philippines,108-925-264,"+63 (949) 891-8271","Collins, Witting and Gusikowski",metz.com,"Education Administrator",teal,1990-07-06,zachery37@labadie.com,"ugLK1\E"
2ef68c43-e30e-331a-9c0b-4b94a047f54a,Ms.,Harmon,Crona,"81A Rau Drive",Poblacion,Lawaan,Bulacan,Philippines,806-509-786,"+63 (971) 562-0076","Ward, Simonis and Labadie",considine.biz,"Director Of Talent Acquisition",lime,1992-12-02,uparker@schoen.info,<^Tp%b-E-l7_EL<r
0a41f343-c200-305a-8021-d51ae27b6e5c,Mr.,Quincy,D'Amore,"08A/99 Beahan Lakes",Poblacion,"Sergio Osme単a Sr.","Ilocos Norte",Philippines,298-092-886,"+63 (938) 170-2376","Swift Ltd",roberts.com,"Industrial Machinery Mechanic",black,1984-05-23,aschuppe@yahoo.com,ILvS!HY.
caee9512-ee5b-32cd-ae4e-db01f0a8101b,Mrs.,Brent,Corwin,"06A Krajcik Station Apt. 020",Poblacion,Bayambang,Antique,Philippines,027-966-223,"+63 (977) 781-7288","Pfeffer, Botsford and Kulas",barton.com,"Agricultural Inspector",green,2014-04-09,nwolff@welch.com,oVi~pJ.qta
98593067-94b2-30be-9e3c-0f2cc54b9179,Dr.,Don,Mitchell,"41 Roob Plaza Apt. 796",Poblacion,Merida,Bataan,Philippines,172-673-926,"(0949) 488-2895","Kris and Sons",hartmann.com,"Agricultural Worker",aqua,2012-06-22,rdouglas@gleason.com,j2]$srfr
efdf5720-1e5e-38ae-b81a-47d00a8fe8d3,Mr.,Casimir,Lindgren,"92A/93 Moore Valley Apt. 604",Poblacion,Maimbung,Sorsogon,Philippines,546-861-324,"+63 (936) 487-6500",Rohan-Bins,hermann.com,"Computer Systems Analyst",purple,2009-08-19,mprosacco@hotmail.com,vIvlp5G6oej
f7989d9c-d198-34ba-9730-b403f02c1c14,Mr.,Bradley,Kassulke,"54/35 Koch Motorway",Poblacion,"Sultan Mastura","Dinagat Islands",Philippines,956-388-827,"(0997) 659-1697","Beatty LLC",kessler.com,"Director Of Social Media Marketing",navy,1980-06-07,caesar64@gmail.com,"Fx$sv%dE.9]Yu';,"
0589842e-dcf2-377e-b3cb-8e1392d93bd5,Prof.,Lesly,Wiegand,"26A/20 McLaughlin Radial Apt. 878",Poblacion,Pilar,Cebu,Philippines,024-654-575,"+63 (936) 336-3894","Medhurst, Terry and Bartoletti",jerde.net,Dentist,gray,2020-05-15,arnold07@goldner.com,.jmEvTL6
e17eaad4-b705-3da7-99fb-2216fbad2474,Ms.,Luis,Jacobi,"68A Luettgen Shores",Poblacion,Gigaquit,"Surigao del Norte",Philippines,484-993-748,"(0947) 291-4332","Kessler, Fay and Effertz",pollich.com,"Information Systems Manager",yellow,1979-12-13,satterfield.lazaro@waters.com,9SW{E(p(
56ff3349-b2ba-372d-b1f8-462405a946e2,Mr.,Bernita,Lesch,"39/50 Bahringer Crossing Apt. 016",Poblacion,Alicia,Basilan,Philippines,009-800-706,"(0998) 142-9352",Kuvalis-Huel,koepp.org,Podiatrist,gray,2007-07-14,zulauf.joshua@gaylord.net,J!7vsCk7T+xD
2e00ba47-671e-322d-bc2e-1f41d0ca5b79,Ms.,Theresia,Hudson,"24A/72 Feest Park Apt. 639",Poblacion,"Danao City","Zamboanga del Norte",Philippines,996-886-618,"+63 (948) 750-1050","Cummerata, Bins and Pfeffer",bergnaum.com,"Head Nurse",green,2013-12-29,xfeeney@cassin.biz,A#g2-2+N|Fj
4402968c-4351-3f58-af24-ff4f95e448de,Prof.,Guiseppe,Hayes,"65/96 Wisoky Groves Suite 402",Poblacion,Santol,"Metro Manila",Philippines,521-930-415,"+63 (939) 679-4929",Schaefer-Weimann,von.net,"Team Assembler",black,1972-11-27,kessler.mikayla@yahoo.com,KwQ?z#$^^4q.
87c08cfb-e693-3f70-ba94-2b02bb9c16c5,Dr.,Lola,Douglas,"62 Kulas Land Suite 659",Poblacion,"Santa Maria",Bulacan,Philippines,076-452-987,"(0938) 584-6116","Mills, Crist and Nolan",damore.com,"Separating Machine Operators",fuchsia,2023-06-04,feest.patsy@bernhard.biz,"?@'mn)Qz$""%"
aae1a8c4-ffbe-370d-a1cb-3544dce2a4ad,Miss,Allen,Mills,"68A Wehner Islands Apt. 290",Poblacion,"San Manuel","La Union",Philippines,289-448-740,"(0919) 284-1125",Yost-Paucek,runolfsson.net,"Glass Cutting Machine Operator",fuchsia,1988-06-10,sibyl.okon@hotmail.com,"VZYCj\B0BwdwW(Yy(v"
dd7bc62c-a12e-32df-886d-b778edeff758,Dr.,Roy,Jerde,"47A/48 Waelchi Glen",Poblacion,Kinoguitan,"Davao Oriental",Philippines,301-758-045,"+63 (925) 270-8005","Stanton Group",langworth.org,"Biochemist or Biophysicist",lime,2023-08-24,romaguera.coy@barton.org,QvgBd.-$WEB
9312a014-8230-3364-9bf7-4d275623c0eb,Ms.,Karl,Kassulke,"33 Wilkinson Spring Apt. 673",Poblacion,Tantangan,"Occidental Mindoro",Philippines,191-412-802,"(0934) 122-8403","Pfeffer Group",jones.org,"Title Searcher",olive,1972-11-10,danny57@kuvalis.org,"Jns+V'6Wi,'K.p{!F"
d414180c-8820-3bb2-beab-d48f637c70d4,Prof.,Jayson,Deckow,"77A Grant Highway",Poblacion,Cantilan,"Eastern Samar",Philippines,580-282-220,"(0936) 113-7990","Lind, Kozey and Cremin",bernier.org,Captain,purple,1984-05-30,murray.dave@hotmail.com,m?(OiwZH$4V|$4in
8d3f4e42-36e0-3b9d-9cd8-1e4cc797c893,Prof.,Garret,Stiedemann,"48/70 Kuphal Club Suite 086",Poblacion,Bakun,Cotabato,Philippines,620-769-063,"(0923) 869-8097","King, Towne and Terry",roberts.com,"Metal-Refining Furnace Operator",blue,1971-05-12,devin.strosin@schoen.com,d+aBl3!q:G>G
26d9130c-1b17-3669-b42d-a1495c25c95d,Dr.,Pasquale,Keeling,"61A/91 Friesen Road Apt. 518",Poblacion,"San Sebastian","Negros Oriental",Philippines,754-067-525,"(0934) 712-2357","Weissnat Group",oberbrunner.com,"Elevator Installer and Repairer",white,1976-08-06,vparisian@hotmail.com,{pADw~)EJM@>`E
001c9579-8ce1-394d-a719-64e9fa3755cd,Miss,Novella,Zieme,"58A Dietrich Mission",Poblacion,Jomalig,Batangas,Philippines,204-350-801,"+63 (933) 497-7841",O'Reilly-Wuckert,lowe.com,"Gas Compressor Operator",yellow,1997-05-10,vergie21@weber.net,"XM,OcwD%:2`tW}M"
c99867f6-a29f-3083-816e-3d50c32a0b87,Dr.,Maryse,Zulauf,"53/31 Carroll Wall Suite 855",Poblacion,"San Pascual",Antique,Philippines,673-208-701,"(0917) 326-1690","Prosacco, Miller and Rosenbaum",predovic.com,Archivist,fuchsia,2014-11-20,howe.jaunita@yahoo.com,"""3YX98J.Z"
29324cae-37c7-332c-b379-f46a4e7f626c,Dr.,Agustin,Kihn,"26 Hane Track",Poblacion,Panganiban,Pangasinan,Philippines,702-428-056,"+63 (928) 155-0629","Rice and Sons",orn.com,"Metal Worker",purple,2001-05-12,samantha.daugherty@yahoo.com,"\Fj6%#Nho];->l}KXRF"
210a18f1-2967-3988-b29e-11bb1956d376,Mr.,Reyna,Jones,"51/99 Heidenreich Parkways",Poblacion,"San Remigio",Cotabato,Philippines,962-402-802,"(0994) 915-4420","Emard Group",breitenberg.com,"Respiratory Therapy Technician",white,1974-04-17,pearl64@yahoo.com,{z(?E8|0mWKL<E&t1I
d94a0cf1-3e0f-3b9c-af0c-ddf1fab45dcb,Dr.,Lyric,Hackett,"25/92 Thompson Fort",Poblacion,Burgos,Biliran,Philippines,635-956-265,"+63 (935) 029-3541","Huels Group",wiza.com,"Marking Machine Operator",green,1986-12-22,cartwright.zoila@gmail.com,|{b;4U+VEcwyB7}E_J
3b04e754-3cca-3002-bbce-be5d41191808,Prof.,Jane,Littel,"26/51 Nienow Rapid",Poblacion,"Mataas na Kahoy",Samar,Philippines,498-645-702,"(0974) 413-9799","Grimes Inc",toy.com,"Marine Architect",silver,2015-01-29,quigley.edmond@maggio.com,W24u>w
54bca9ea-82aa-32e6-b8cf-c42872a89b53,Miss,Casey,West,"27A Bayer Hills",Poblacion,"Lipa City","Northern Samar",Philippines,021-922-466,"(0989) 515-4768","Rutherford Ltd",keebler.com,"Staff Psychologist",purple,2017-08-11,demario72@beer.com,%>3ReYz@
9b8a85fc-eb4c-3d7c-a6de-dd3ba0e5e6a3,Miss,Clemmie,Beier,"40/94 Roob Pine",Poblacion,Tubaran,Ifugao,Philippines,065-648-173,"+63 (996) 825-7278",Lynch-O'Reilly,ullrich.com,Welder,purple,1983-01-14,kamille.fay@flatley.com,$%OPpU%Rj3?j4(e_4
